station_id,lon,lat,is_charging,external_id,capacity,eightd_has_key_dispenser,electric_bike_surcharge_waiver,has_kiosk,rental_methods,short_name,eightd_station_services
406,-73.5311159491539,45.512800575819625,false,0b145cb7-08f3-11e7-a1cb-3863bb33a4e4,50,false,false,true,KEY|CREDITCARD,6501,1ad5d635-f504-450c-a021-241da29f6f55|LIMITED|Valet station|LIMITED||Valet station|Saturday and Sunday 12h00 - 20h00|ATTENDED_SERVICE
548,-73.57782661914825,45.480495143306044,false,0b15f085-08f3-11e7-a1cb-3863bb33a4e4,25,false,false,true,KEY|CREDITCARD,7034,833f6c68-d83b-4887-bec4-39a1e237da74|LIMITED|Valet station|LIMITED||Valet station|Saturday and Sunday 10h00 - 18h00|ATTENDED_SERVICE
1,-73.55663707494385,45.51016276368593,false,0b0fda98-08f3-11e7-a1cb-3863bb33a4e4,31,false,false,true,KEY|CREDITCARD,6001,|||||||
2,-73.54099988937377,45.539385081961676,false,0b0fdf05-08f3-11e7-a1cb-3863bb33a4e4,19,false,false,true,KEY|CREDITCARD,6002,|||||||
3,-73.5671715438366,45.510823872894264,false,0b0fe114-08f3-11e7-a1cb-3863bb33a4e4,15,false,false,true,KEY|CREDITCARD,6003,|||||||
4,-73.55400860309601,45.50965520472071,false,0b0fe2b5-08f3-11e7-a1cb-3863bb33a4e4,23,false,false,true,KEY|CREDITCARD,6004,|||||||
5,-73.65003436803818,45.52588991809354,false,0b0fe458-08f3-11e7-a1cb-3863bb33a4e4,19,false,false,true,KEY|CREDITCARD,6005,|||||||
6,-73.57680793862527,45.55793479067285,false,0b0fe5d0-08f3-11e7-a1cb-3863bb33a4e4,31,false,false,true,KEY|CREDITCARD,6006,|||||||
7,-73.56213569641113,45.51166045593874,false,0b0fe76d-08f3-11e7-a1cb-3863bb33a4e4,27,false,false,true,KEY|CREDITCARD,6007,|||||||
8,-73.56159485607348,45.51286121664604,false,0b0fe8e4-08f3-11e7-a1cb-3863bb33a4e4,23,false,false,true,KEY|CREDITCARD,6008,|||||||
9,-73.57761539518833,45.49811161443597,false,0b0fea54-08f3-11e7-a1cb-3863bb33a4e4,23,false,false,true,KEY|CREDITCARD,6009,|||||||
10,-73.5312415660519,45.611230741550536,false,0b0febc1-08f3-11e7-a1cb-3863bb33a4e4,15,false,false,true,KEY|CREDITCARD,6901,|||||||
11,-73.55264469981194,45.51411452790017,false,0b0ff3ef-08f3-11e7-a1cb-3863bb33a4e4,27,false,false,true,KEY|CREDITCARD,6011,|||||||
12,-73.56478795420117,45.51111771998604,false,0b0ff5fc-08f3-11e7-a1cb-3863bb33a4e4,49,false,false,true,KEY|CREDITCARD,6012,|||||||
13,-73.56259435415267,45.51340553558378,false,0b0ff798-08f3-11e7-a1cb-3863bb33a4e4,31,false,false,true,KEY|CREDITCARD,6013,|||||||
14,-73.55846643447876,45.51287121578035,false,0b0ff906-08f3-11e7-a1cb-3863bb33a4e4,39,false,false,true,KEY|CREDITCARD,6014,|||||||
15,-73.561273,45.515299,false,0b0ffa68-08f3-11e7-a1cb-3863bb33a4e4,31,false,false,true,KEY|CREDITCARD,6015,|||||||
16,-73.5398056358099,45.47259900304475,false,0b0ffbbc-08f3-11e7-a1cb-3863bb33a4e4,27,false,false,true,KEY|CREDITCARD,6016,|||||||
17,-73.56390595436096,45.52063377251984,false,0b0ffd3a-08f3-11e7-a1cb-3863bb33a4e4,31,false,false,true,KEY|CREDITCARD,6017,|||||||
18,-73.56353,45.51889,false,0b0ffea2-08f3-11e7-a1cb-3863bb33a4e4,19,false,false,true,KEY|CREDITCARD,6018,|||||||
19,-73.56818407773972,45.51799893773692,false,0b100002-08f3-11e7-a1cb-3863bb33a4e4,23,false,false,true,KEY|CREDITCARD,6019,|||||||
20,-73.56549113988876,45.51476724402057,false,0b100167-08f3-11e7-a1cb-3863bb33a4e4,19,false,false,true,KEY|CREDITCARD,6020,|||||||
21,-73.56227517127991,45.521081043206834,false,0b1002d5-08f3-11e7-a1cb-3863bb33a4e4,31,false,false,true,KEY|CREDITCARD,6902,|||||||
22,-73.54983,45.51086,false,0b100442-08f3-11e7-a1cb-3863bb33a4e4,51,false,false,true,KEY|CREDITCARD,6023,|||||||
23,-73.51226069033146,45.59926552299961,false,0b1005a1-08f3-11e7-a1cb-3863bb33a4e4,27,false,false,true,KEY|CREDITCARD,6024,|||||||
24,-73.55511903762817,45.50714391928411,false,0b1006f9-08f3-11e7-a1cb-3863bb33a4e4,15,false,false,true,KEY|CREDITCARD,6025,|||||||
25,-73.55183601379395,45.50761009451047,false,0b100854-08f3-11e7-a1cb-3863bb33a4e4,81,false,false,true,KEY|CREDITCARD,6026,|||||||
26,-73.57346534729004,45.502053864057466,false,0b1009b3-08f3-11e7-a1cb-3863bb33a4e4,23,false,false,true,KEY|CREDITCARD,6027,|||||||
28,-73.58386158943176,45.48084576334506,false,0b100caa-08f3-11e7-a1cb-3863bb33a4e4,19,false,false,true,KEY|CREDITCARD,6029,|||||||
30,-73.55918794870377,45.50459069556304,false,0b100f80-08f3-11e7-a1cb-3863bb33a4e4,15,false,false,true,KEY|CREDITCARD,6031,|||||||
31,-73.55967122894072,45.50631445605528,false,0b1010e4-08f3-11e7-a1cb-3863bb33a4e4,33,false,false,true,KEY|CREDITCARD,6032,|||||||
32,-73.58315885066986,45.55828063767652,false,0b10125a-08f3-11e7-a1cb-3863bb33a4e4,15,false,false,true,KEY|CREDITCARD,6033,|||||||
34,-73.56089115142822,45.50531166520915,false,0b101537-08f3-11e7-a1cb-3863bb33a4e4,38,false,false,true,KEY|CREDITCARD,6035,|||||||
35,-73.553469479084,45.50424245563397,false,0b101691-08f3-11e7-a1cb-3863bb33a4e4,43,false,false,true,KEY|CREDITCARD,6036,|||||||
36,-73.55515256524086,45.501966859101564,false,0b1017ec-08f3-11e7-a1cb-3863bb33a4e4,15,false,false,true,KEY|CREDITCARD,6037,|||||||
37,-73.55615437030792,45.49996470926352,false,0b101966-08f3-11e7-a1cb-3863bb33a4e4,23,false,false,true,KEY|CREDITCARD,6038,|||||||
38,-73.55900555849075,45.5008764952487,false,0b101acc-08f3-11e7-a1cb-3863bb33a4e4,23,false,false,true,KEY|CREDITCARD,6039,|||||||
39,-73.55913430452347,45.50278649802565,false,0b101c22-08f3-11e7-a1cb-3863bb33a4e4,23,false,false,true,KEY|CREDITCARD,6040,|||||||
40,-73.56014415621758,45.50144108135568,false,0b101d77-08f3-11e7-a1cb-3863bb33a4e4,27,false,false,true,KEY|CREDITCARD,6041,|||||||
41,-73.56544822454453,45.50060578095098,false,0b101ed0-08f3-11e7-a1cb-3863bb33a4e4,27,false,false,true,KEY|CREDITCARD,6042,|||||||
42,-73.56295,45.50206,false,0b102046-08f3-11e7-a1cb-3863bb33a4e4,19,false,false,true,KEY|CREDITCARD,6043,|||||||
43,-73.57036739587784,45.521564270906616,false,0b1021af-08f3-11e7-a1cb-3863bb33a4e4,23,false,false,true,KEY|CREDITCARD,6044,|||||||
45,-73.56725603342056,45.49831217703312,false,0b10246c-08f3-11e7-a1cb-3863bb33a4e4,47,false,false,true,KEY|CREDITCARD,6046,|||||||
46,-73.57492983341217,45.508140959417744,false,0b1025c4-08f3-11e7-a1cb-3863bb33a4e4,27,false,false,true,KEY|CREDITCARD,6204,|||||||
47,-73.55725407600403,45.49891911390352,false,0b10272a-08f3-11e7-a1cb-3863bb33a4e4,19,false,false,true,KEY|CREDITCARD,6048,|||||||
48,-73.55534970760345,45.49760527699099,false,0b102b66-08f3-11e7-a1cb-3863bb33a4e4,23,false,false,true,KEY|CREDITCARD,6049,|||||||
49,-73.56024205684662,45.498577791020146,false,0b102c87-08f3-11e7-a1cb-3863bb33a4e4,39,false,false,true,KEY|CREDITCARD,6050,|||||||
50,-73.60308364033699,45.5315079142152,false,0b102d8f-08f3-11e7-a1cb-3863bb33a4e4,19,false,false,true,KEY|CREDITCARD,6051,|||||||
51,-73.55284452438353,45.49750375338383,false,0b102e96-08f3-11e7-a1cb-3863bb33a4e4,88,false,false,true,KEY|CREDITCARD,6052,|||||||
52,-73.56881439685822,45.508204615051355,false,0b102fb4-08f3-11e7-a1cb-3863bb33a4e4,27,false,false,true,KEY|CREDITCARD,6053,|||||||
55,-73.5685783624649,45.498372338329055,false,0b10559b-08f3-11e7-a1cb-3863bb33a4e4,19,false,false,true,KEY|CREDITCARD,6057,|||||||
56,-73.57176750898361,45.49932551028458,false,0b1056fb-08f3-11e7-a1cb-3863bb33a4e4,27,false,false,true,KEY|CREDITCARD,6058,|||||||
57,-73.56942057609558,45.499191207076606,false,0b10581e-08f3-11e7-a1cb-3863bb33a4e4,51,false,false,true,KEY|CREDITCARD,6059,|||||||
58,-73.56313616037369,45.507837541505836,false,0b105944-08f3-11e7-a1cb-3863bb33a4e4,33,false,false,true,KEY|CREDITCARD,6060,|||||||
59,-73.57048273086548,45.50075993786341,false,0b105a5b-08f3-11e7-a1cb-3863bb33a4e4,23,false,false,true,KEY|CREDITCARD,6061,|||||||
60,-73.57422709465027,45.49863930330429,false,0b105b66-08f3-11e7-a1cb-3863bb33a4e4,31,false,false,true,KEY|CREDITCARD,6062,|||||||
61,-73.57591,45.49947,false,0b105c6d-08f3-11e7-a1cb-3863bb33a4e4,51,false,false,true,KEY|CREDITCARD,6063,|||||||
62,-73.57507,45.50038,false,0b105d73-08f3-11e7-a1cb-3863bb33a4e4,57,false,false,true,KEY|CREDITCARD,6064,|||||||
63,-73.57816801275476,45.50039236689204,false,0b105e8d-08f3-11e7-a1cb-3863bb33a4e4,19,false,false,true,KEY|CREDITCARD,6065,|||||||
64,-73.53842496871948,45.51366626207095,false,0b105f95-08f3-11e7-a1cb-3863bb33a4e4,19,false,false,true,KEY|CREDITCARD,6067,|||||||
65,-73.61656039953232,45.562509038048915,false,0b10609d-08f3-11e7-a1cb-3863bb33a4e4,31,false,false,true,KEY|CREDITCARD,6068,|||||||
67,-73.57666924595833,45.506511175399844,false,0b1062ad-08f3-11e7-a1cb-3863bb33a4e4,31,false,false,true,KEY|CREDITCARD,6070,|||||||
68,-73.57069730758667,45.50525474225091,false,0b1063c4-08f3-11e7-a1cb-3863bb33a4e4,29,false,false,true,KEY|CREDITCARD,6073,|||||||
69,-73.5291700065136,45.557970682228145,false,0b1064d3-08f3-11e7-a1cb-3863bb33a4e4,15,false,false,true,KEY|CREDITCARD,6076,|||||||
71,-73.5674786567688,45.50527354034462,false,0b10680e-08f3-11e7-a1cb-3863bb33a4e4,27,false,false,true,KEY|CREDITCARD,6078,|||||||
72,-73.60473453998564,45.47393028235147,false,0b106932-08f3-11e7-a1cb-3863bb33a4e4,31,false,false,true,KEY|CREDITCARD,6080,|||||||
73,-73.5768261551857,45.495760902918555,false,0b106b02-08f3-11e7-a1cb-3863bb33a4e4,23,false,false,true,KEY|CREDITCARD,6081,|||||||
74,-73.58308374881744,45.54990048023633,false,0b106c33-08f3-11e7-a1cb-3863bb33a4e4,19,false,false,true,KEY|CREDITCARD,6082,|||||||
75,-73.56894850730896,45.50434678685089,false,0b106d46-08f3-11e7-a1cb-3863bb33a4e4,35,false,false,true,KEY|CREDITCARD,6083,|||||||
76,-73.55371087789534,45.495581350533946,false,0b106e5d-08f3-11e7-a1cb-3863bb33a4e4,31,false,false,true,KEY|CREDITCARD,6084,|||||||
77,-73.56381811201572,45.49425983677146,false,0b106f9a-08f3-11e7-a1cb-3863bb33a4e4,43,false,false,true,KEY|CREDITCARD,6085,|||||||
78,-73.59502326697111,45.52795093787009,false,0b1070e3-08f3-11e7-a1cb-3863bb33a4e4,15,false,false,true,KEY|CREDITCARD,6089,|||||||
79,-73.57112377882004,45.49487159597493,false,0b107204-08f3-11e7-a1cb-3863bb33a4e4,17,false,false,true,KEY|CREDITCARD,6090,|||||||
80,-73.57676714658737,45.491686521008035,false,0b107323-08f3-11e7-a1cb-3863bb33a4e4,19,false,false,true,KEY|CREDITCARD,6091,|||||||
81,-73.57388673355672,45.49532307979691,false,0b107432-08f3-11e7-a1cb-3863bb33a4e4,23,false,false,true,KEY|CREDITCARD,6092,|||||||
82,-73.60363483428955,45.5353599615622,false,0b10753d-08f3-11e7-a1cb-3863bb33a4e4,23,false,false,true,KEY|CREDITCARD,6912,|||||||
83,-73.58456566929817,45.48947622882084,false,0b10765d-08f3-11e7-a1cb-3863bb33a4e4,27,false,false,true,KEY|CREDITCARD,6194,|||||||
84,-73.58400642871855,45.491800276787224,false,0b107771-08f3-11e7-a1cb-3863bb33a4e4,27,false,false,true,KEY|CREDITCARD,6095,|||||||
85,-73.56857568025589,45.49356916133978,false,0b10787d-08f3-11e7-a1cb-3863bb33a4e4,23,false,false,true,KEY|CREDITCARD,6096,|||||||
86,-73.58028218150139,45.49290679828809,false,0b107988-08f3-11e7-a1cb-3863bb33a4e4,23,false,false,true,KEY|CREDITCARD,6097,|||||||
87,-73.5765016078949,45.496583295698706,false,0b1081d2-08f3-11e7-a1cb-3863bb33a4e4,27,false,false,true,KEY|CREDITCARD,6098,|||||||
88,-73.55930088093373,45.515103391493575,false,0b10834a-08f3-11e7-a1cb-3863bb33a4e4,23,false,false,true,KEY|CREDITCARD,6099,|||||||
89,-73.57913017272949,45.49682986230046,false,0b108464-08f3-11e7-a1cb-3863bb33a4e4,23,false,false,true,KEY|CREDITCARD,6100,|||||||
90,-73.61959934234618,45.4789683985657,false,0b108588-08f3-11e7-a1cb-3863bb33a4e4,15,false,false,true,KEY|CREDITCARD,6101,|||||||
91,-73.583836,45.493034,false,0b1086a7-08f3-11e7-a1cb-3863bb33a4e4,15,false,false,true,KEY|CREDITCARD,6102,|||||||
92,-73.55267778049893,45.53881453102766,false,0b1087c4-08f3-11e7-a1cb-3863bb33a4e4,27,false,false,true,KEY|CREDITCARD,6103,|||||||
93,-73.5541883111,45.51681750463149,false,0b1088f0-08f3-11e7-a1cb-3863bb33a4e4,31,false,false,true,KEY|CREDITCARD,6104,|||||||
94,-73.55195805430411,45.51937252291976,false,0b108a09-08f3-11e7-a1cb-3863bb33a4e4,19,false,false,true,KEY|CREDITCARD,6105,|||||||
95,-73.54926,45.52114,false,0b108b24-08f3-11e7-a1cb-3863bb33a4e4,25,false,false,true,KEY|CREDITCARD,6106,|||||||
96,-73.5791431011603,45.49381914990433,false,0b1091b6-08f3-11e7-a1cb-3863bb33a4e4,23,false,false,true,KEY|CREDITCARD,6107,|||||||
97,-73.55117082595825,45.52836601591233,false,0b1093c6-08f3-11e7-a1cb-3863bb33a4e4,19,false,false,true,KEY|CREDITCARD,6108,|||||||
98,-73.52753520011902,45.50265866521738,false,0b1094fe-08f3-11e7-a1cb-3863bb33a4e4,23,false,false,true,KEY|CREDITCARD,6109,|||||||
99,-73.54619935154915,45.52900206660643,false,0b10961a-08f3-11e7-a1cb-3863bb33a4e4,19,false,false,true,KEY|CREDITCARD,6110,|||||||
100,-73.54968247940633,45.5256378348441,false,0b10972e-08f3-11e7-a1cb-3863bb33a4e4,23,false,false,true,KEY|CREDITCARD,6111,|||||||
101,-73.55788965214742,45.519131967116216,false,0b10983d-08f3-11e7-a1cb-3863bb33a4e4,19,false,false,true,KEY|CREDITCARD,6112,|||||||
102,-73.55386108160019,45.52123044585842,false,0b10994d-08f3-11e7-a1cb-3863bb33a4e4,19,false,false,true,KEY|CREDITCARD,6113,|||||||
103,-73.55199,45.52353,false,0b109fc4-08f3-11e7-a1cb-3863bb33a4e4,25,false,false,true,KEY|CREDITCARD,6114,|||||||
104,-73.63153114914894,45.46693565237702,false,0b10a104-08f3-11e7-a1cb-3863bb33a4e4,27,false,false,true,KEY|CREDITCARD,6115,|||||||
105,-73.56073021888733,45.52349210923463,false,0b10c307-08f3-11e7-a1cb-3863bb33a4e4,15,false,false,true,KEY|CREDITCARD,6116,|||||||
106,-73.5704317688942,45.50538591756765,false,0b10c45c-08f3-11e7-a1cb-3863bb33a4e4,13,false,false,true,KEY|CREDITCARD,6117,|||||||
107,-73.55982835295436,45.52492614409801,false,0b10c672-08f3-11e7-a1cb-3863bb33a4e4,15,false,false,true,KEY|CREDITCARD,6118,|||||||
108,-73.55821162462234,45.526991277453526,false,0b10c7b5-08f3-11e7-a1cb-3863bb33a4e4,35,false,false,true,KEY|CREDITCARD,6119,|||||||
109,-73.55217933654784,45.533705987798946,false,0b10ce21-08f3-11e7-a1cb-3863bb33a4e4,23,false,false,true,KEY|CREDITCARD,6120,|||||||
110,-73.55478646466509,45.53456256501449,false,0b10cf42-08f3-11e7-a1cb-3863bb33a4e4,27,false,false,true,KEY|CREDITCARD,6121,|||||||
111,-73.54911457747221,45.53061161207863,false,0b10d04a-08f3-11e7-a1cb-3863bb33a4e4,19,false,false,true,KEY|CREDITCARD,6122,|||||||
112,-73.55799973011017,45.52330366033427,false,0b10d150-08f3-11e7-a1cb-3863bb33a4e4,15,false,false,true,KEY|CREDITCARD,6123,|||||||
113,-73.55343863368034,45.53193889278052,false,0b10d266-08f3-11e7-a1cb-3863bb33a4e4,27,false,false,true,KEY|CREDITCARD,6124,|||||||
114,-73.629298,45.499757,false,0b10d370-08f3-11e7-a1cb-3863bb33a4e4,27,false,false,true,KEY|CREDITCARD,6125,|||||||
115,-73.55876013636589,45.5321322155395,false,0b10d842-08f3-11e7-a1cb-3863bb33a4e4,23,false,false,true,KEY|CREDITCARD,6126,|||||||
116,-73.6182153224945,45.53789110878484,false,0b10d956-08f3-11e7-a1cb-3863bb33a4e4,23,false,false,true,KEY|CREDITCARD,6127,|||||||
117,-73.55116009712219,45.535295480380306,false,0b10db49-08f3-11e7-a1cb-3863bb33a4e4,11,false,false,true,KEY|CREDITCARD,6128,|||||||
118,-73.56081,45.5367,false,0b10dc80-08f3-11e7-a1cb-3863bb33a4e4,15,false,false,true,KEY|CREDITCARD,6130,|||||||
119,-73.56265068054199,45.53407048533949,false,0b10dd95-08f3-11e7-a1cb-3863bb33a4e4,35,false,false,true,KEY|CREDITCARD,6131,|||||||
120,-73.56516659259796,45.53673838509649,false,0b10e3e7-08f3-11e7-a1cb-3863bb33a4e4,19,false,false,true,KEY|CREDITCARD,6133,|||||||
121,-73.56305301189423,45.52997069129102,false,0b10e507-08f3-11e7-a1cb-3863bb33a4e4,15,false,false,true,KEY|CREDITCARD,6129,|||||||
122,-73.57075229287146,45.51007154847701,false,0b10e60a-08f3-11e7-a1cb-3863bb33a4e4,35,false,false,true,KEY|CREDITCARD,6202,|||||||
123,-73.57844352722168,45.507401678946415,false,0b10fc41-08f3-11e7-a1cb-3863bb33a4e4,39,false,false,true,KEY|CREDITCARD,6047,|||||||
124,-73.57610732316971,45.50975858607626,false,0b1102f9-08f3-11e7-a1cb-3863bb33a4e4,23,false,false,true,KEY|CREDITCARD,6079,|||||||
125,-73.56256484985352,45.54303187243879,false,0b110726-08f3-11e7-a1cb-3863bb33a4e4,15,false,false,true,KEY|CREDITCARD,6022,|||||||
126,-73.58763009309769,45.4912258547597,false,0b1108eb-08f3-11e7-a1cb-3863bb33a4e4,23,false,false,true,KEY|CREDITCARD,6093,|||||||
127,-73.605834,45.533348,false,0b110a66-08f3-11e7-a1cb-3863bb33a4e4,23,false,false,true,KEY|CREDITCARD,6913,|||||||
128,-73.60700100660324,45.531957916826386,false,0b1111b6-08f3-11e7-a1cb-3863bb33a4e4,19,false,false,true,KEY|CREDITCARD,6915,|||||||
129,-73.57288593644626,45.5449576889558,false,0b111347-08f3-11e7-a1cb-3863bb33a4e4,19,false,false,true,KEY|CREDITCARD,6916,|||||||
130,-73.58870029449461,45.53879934493943,false,0b1115c4-08f3-11e7-a1cb-3863bb33a4e4,27,false,false,true,KEY|CREDITCARD,6918,|||||||
131,-73.60766887664795,45.54740777921938,false,0b111c93-08f3-11e7-a1cb-3863bb33a4e4,19,false,false,true,KEY|CREDITCARD,6923,|||||||
132,-73.60347837231528,45.5517742671765,false,0b111e08-08f3-11e7-a1cb-3863bb33a4e4,19,false,false,true,KEY|CREDITCARD,6925,|||||||
133,-73.57434511184692,45.501804363327565,false,0b111f7c-08f3-11e7-a1cb-3863bb33a4e4,19,false,false,true,KEY|CREDITCARD,6072,|||||||
134,-73.58117669820786,45.522402573414084,false,0b1124b9-08f3-11e7-a1cb-3863bb33a4e4,23,false,false,true,KEY|CREDITCARD,6075,|||||||
135,-73.56196403503418,45.53840340979245,false,0b112724-08f3-11e7-a1cb-3863bb33a4e4,11,false,false,true,KEY|CREDITCARD,6134,|||||||
136,-73.55923354625702,45.5291345371163,false,0b112dc7-08f3-11e7-a1cb-3863bb33a4e4,35,false,false,true,KEY|CREDITCARD,6132,|||||||
137,-73.5891147,45.52761627,false,0b112f3f-08f3-11e7-a1cb-3863bb33a4e4,19,false,false,true,KEY|CREDITCARD,6136,|||||||
138,-73.56733649969101,45.52966629503036,false,0b11347f-08f3-11e7-a1cb-3863bb33a4e4,19,false,false,true,KEY|CREDITCARD,6137,|||||||
139,-73.56625034476565,45.53067355095582,false,0b1135f2-08f3-11e7-a1cb-3863bb33a4e4,15,false,false,true,KEY|CREDITCARD,6138,|||||||
140,-73.56377989053726,45.53292625574653,false,0b113d5d-08f3-11e7-a1cb-3863bb33a4e4,15,false,false,true,KEY|CREDITCARD,6139,|||||||
141,-73.5703244805336,45.52983801723605,false,0b1142a8-08f3-11e7-a1cb-3863bb33a4e4,15,false,false,true,KEY|CREDITCARD,6140,|||||||
142,-73.56664685044962,45.533261523184436,false,0b1147d6-08f3-11e7-a1cb-3863bb33a4e4,19,false,false,true,KEY|CREDITCARD,6141,|||||||
143,-73.57193917036057,45.527794785525096,false,0b114d1c-08f3-11e7-a1cb-3863bb33a4e4,26,false,false,true,KEY|CREDITCARD,6142,|||||||
144,-73.57264,45.52689,false,0b115254-08f3-11e7-a1cb-3863bb33a4e4,29,false,false,true,KEY|CREDITCARD,6143,|||||||
145,-73.57197672128677,45.52451761488783,false,0b1159ca-08f3-11e7-a1cb-3863bb33a4e4,23,false,false,true,KEY|CREDITCARD,6145,|||||||
146,-73.56837719678879,45.52286653749578,false,0b115f14-08f3-11e7-a1cb-3863bb33a4e4,23,false,false,true,KEY|CREDITCARD,6146,|||||||
147,-73.56545,45.52479,false,0b116d41-08f3-11e7-a1cb-3863bb33a4e4,23,false,false,true,KEY|CREDITCARD,6147,|||||||
148,-73.56480717658997,45.52729307510402,false,0b116ed6-08f3-11e7-a1cb-3863bb33a4e4,27,false,false,true,KEY|CREDITCARD,6148,|||||||
149,-73.56936,45.53867,false,0b116ff4-08f3-11e7-a1cb-3863bb33a4e4,23,false,false,true,KEY|CREDITCARD,6149,|||||||
150,-73.5710031,45.53711414,false,0b117115-08f3-11e7-a1cb-3863bb33a4e4,19,false,false,true,KEY|CREDITCARD,6150,|||||||
151,-73.5720545053482,45.53585348307891,false,0b11945c-08f3-11e7-a1cb-3863bb33a4e4,23,false,false,true,KEY|CREDITCARD,6151,|||||||
152,-73.57358872890472,45.53418509490266,false,0b1195c7-08f3-11e7-a1cb-3863bb33a4e4,23,false,false,true,KEY|CREDITCARD,6152,|||||||
153,-73.57244624759005,45.5317736716855,false,0b119728-08f3-11e7-a1cb-3863bb33a4e4,19,false,false,true,KEY|CREDITCARD,6153,|||||||
154,-73.57544,45.53229,false,0b1198eb-08f3-11e7-a1cb-3863bb33a4e4,19,false,false,true,KEY|CREDITCARD,6154,|||||||
155,-73.57699647545813,45.53022106537559,false,0b119a5f-08f3-11e7-a1cb-3863bb33a4e4,27,false,false,true,KEY|CREDITCARD,6155,|||||||
156,-73.57618510723114,45.52775814390426,false,0b119c87-08f3-11e7-a1cb-3863bb33a4e4,19,false,false,true,KEY|CREDITCARD,6156,|||||||
157,-73.57815384864807,45.52940777616881,false,0b119e07-08f3-11e7-a1cb-3863bb33a4e4,23,false,false,true,KEY|CREDITCARD,6157,|||||||
158,-73.58162596821785,45.53081622781595,false,0b119f9b-08f3-11e7-a1cb-3863bb33a4e4,19,false,false,true,KEY|CREDITCARD,6158,|||||||
159,-73.55777114165448,45.49489468991122,false,0b11a121-08f3-11e7-a1cb-3863bb33a4e4,15,false,false,true,KEY|CREDITCARD,6159,|||||||
160,-73.58122229576111,45.5329774553515,false,0b11a316-08f3-11e7-a1cb-3863bb33a4e4,27,false,false,true,KEY|CREDITCARD,6160,|||||||
161,-73.57869029045105,45.53582823686429,false,0b11a4af-08f3-11e7-a1cb-3863bb33a4e4,19,false,false,true,KEY|CREDITCARD,6161,|||||||
162,-73.60488876700401,45.52952466565309,false,0b11a62f-08f3-11e7-a1cb-3863bb33a4e4,30,false,false,true,KEY|CREDITCARD,6162,|||||||
163,-73.5822,45.53543,false,0b11a7b6-08f3-11e7-a1cb-3863bb33a4e4,27,false,false,true,KEY|CREDITCARD,6163,|||||||
164,-73.58373686671257,45.5333136054992,false,0b11a928-08f3-11e7-a1cb-3863bb33a4e4,19,false,false,true,KEY|CREDITCARD,6164,|||||||
165,-73.58481109142303,45.532513956311426,false,0b11aa95-08f3-11e7-a1cb-3863bb33a4e4,31,false,false,true,KEY|CREDITCARD,6165,|||||||
166,-73.58928233385086,45.53383521794791,false,0b11ac01-08f3-11e7-a1cb-3863bb33a4e4,23,false,false,true,KEY|CREDITCARD,6166,|||||||
167,-73.58646869659424,45.535618223146564,false,0b11ad6b-08f3-11e7-a1cb-3863bb33a4e4,27,false,false,true,KEY|CREDITCARD,6167,|||||||
168,-73.59832721208477,45.530846300478125,false,0b11aefa-08f3-11e7-a1cb-3863bb33a4e4,27,false,false,true,KEY|CREDITCARD,6168,|||||||
169,-73.57991673052311,45.527432126380575,false,0b11b06e-08f3-11e7-a1cb-3863bb33a4e4,19,false,false,true,KEY|CREDITCARD,6169,|||||||
170,-73.58763813972473,45.53045006508681,false,0b11b1dc-08f3-11e7-a1cb-3863bb33a4e4,23,false,false,true,KEY|CREDITCARD,6170,|||||||
171,-73.5601159930229,45.51958082831579,false,0b11b34d-08f3-11e7-a1cb-3863bb33a4e4,23,false,false,true,KEY|CREDITCARD,6171,|||||||
173,-73.5692971944809,45.519266156911335,false,0b11b660-08f3-11e7-a1cb-3863bb33a4e4,23,false,false,true,KEY|CREDITCARD,6173,|||||||
174,-73.5727,45.51908,false,0b11b7e0-08f3-11e7-a1cb-3863bb33a4e4,23,false,false,true,KEY|CREDITCARD,6174,|||||||
175,-73.56778850560659,45.52049733309677,false,0b11b958-08f3-11e7-a1cb-3863bb33a4e4,31,false,false,true,KEY|CREDITCARD,6175,|||||||
176,-73.57530293991658,45.52479409963145,false,0b11bac8-08f3-11e7-a1cb-3863bb33a4e4,19,false,false,true,KEY|CREDITCARD,6176,|||||||
177,-73.57418417930603,45.522425652788634,false,0b11bc2e-08f3-11e7-a1cb-3863bb33a4e4,23,false,false,true,KEY|CREDITCARD,6177,|||||||
178,-73.5775906,45.5222776,false,0b11bd99-08f3-11e7-a1cb-3863bb33a4e4,14,false,false,true,KEY|CREDITCARD,6178,|||||||
179,-73.57494147410762,45.521685339303474,false,0b11bf22-08f3-11e7-a1cb-3863bb33a4e4,19,false,false,true,KEY|CREDITCARD,6179,|||||||
180,-73.55447664856909,45.49876479520566,false,0b11c18a-08f3-11e7-a1cb-3863bb33a4e4,35,false,false,true,KEY|CREDITCARD,6180,|||||||
181,-73.58212888,45.5173538,false,0b11c320-08f3-11e7-a1cb-3863bb33a4e4,27,false,false,true,KEY|CREDITCARD,6181,|||||||
182,-73.58514904975891,45.5216837606738,false,0b11c48f-08f3-11e7-a1cb-3863bb33a4e4,15,false,false,true,KEY|CREDITCARD,6182,|||||||
183,-73.58414590358734,45.5223645775784,false,0b11c5fc-08f3-11e7-a1cb-3863bb33a4e4,19,false,false,true,KEY|CREDITCARD,6183,|||||||
184,-73.58255,45.524673,false,0b11c779-08f3-11e7-a1cb-3863bb33a4e4,35,false,false,true,KEY|CREDITCARD,6184,|||||||
185,-73.60087350010872,45.54912085535069,false,0b11c8fa-08f3-11e7-a1cb-3863bb33a4e4,15,false,false,true,KEY|CREDITCARD,6185,|||||||
186,-73.58865737915039,45.52931012171625,false,0b11ca72-08f3-11e7-a1cb-3863bb33a4e4,15,false,false,true,KEY|CREDITCARD,6186,|||||||
187,-73.58177483081818,45.52562819123256,false,0b11cbe1-08f3-11e7-a1cb-3863bb33a4e4,19,false,false,true,KEY|CREDITCARD,6187,|||||||
188,-73.57785880565643,45.526026565221414,false,0b11cd56-08f3-11e7-a1cb-3863bb33a4e4,27,false,false,true,KEY|CREDITCARD,6188,|||||||
189,-73.61300647258759,45.552289376429215,false,0b11ced7-08f3-11e7-a1cb-3863bb33a4e4,15,false,false,true,KEY|CREDITCARD,6189,|||||||
190,-73.58576595783234,45.527009334270645,false,0b11d04c-08f3-11e7-a1cb-3863bb33a4e4,15,false,false,true,KEY|CREDITCARD,6190,|||||||
191,-73.61334979534149,45.53161102055944,false,0b11d1b6-08f3-11e7-a1cb-3863bb33a4e4,15,false,false,true,KEY|CREDITCARD,6191,|||||||
192,-73.59186127781868,45.52784917538704,false,0b11d31d-08f3-11e7-a1cb-3863bb33a4e4,23,false,false,true,KEY|CREDITCARD,6192,|||||||
193,-73.5968267172575,45.521495731487576,false,0b11d48b-08f3-11e7-a1cb-3863bb33a4e4,15,false,false,true,KEY|CREDITCARD,6193,|||||||
194,-73.59285570681095,45.52557815939422,false,0b11d60b-08f3-11e7-a1cb-3863bb33a4e4,23,false,false,true,KEY|CREDITCARD,6094,|||||||
195,-73.5892903804779,45.52427708108202,false,0b11d77c-08f3-11e7-a1cb-3863bb33a4e4,19,false,false,true,KEY|CREDITCARD,6195,|||||||
196,-73.58941912651062,45.52134173413233,false,0b11d8f6-08f3-11e7-a1cb-3863bb33a4e4,19,false,false,true,KEY|CREDITCARD,6196,|||||||
197,-73.5824453830719,45.53898439552301,false,0b11da63-08f3-11e7-a1cb-3863bb33a4e4,19,false,false,true,KEY|CREDITCARD,6197,|||||||
198,-73.59527,45.52974,false,0b11dbd1-08f3-11e7-a1cb-3863bb33a4e4,23,false,false,true,KEY|CREDITCARD,6198,|||||||
199,-73.59935637563467,45.5251943015533,false,0b11dd51-08f3-11e7-a1cb-3863bb33a4e4,15,false,false,true,KEY|CREDITCARD,6199,|||||||
200,-73.5958108305931,45.524628485592636,false,0b11dec0-08f3-11e7-a1cb-3863bb33a4e4,23,false,false,true,KEY|CREDITCARD,6200,|||||||
201,-73.58733236789703,45.52354419830203,false,0b11dfdd-08f3-11e7-a1cb-3863bb33a4e4,23,false,false,true,KEY|CREDITCARD,6201,|||||||
202,-73.57329905033112,45.50658668914343,false,0b12034a-08f3-11e7-a1cb-3863bb33a4e4,23,false,false,true,KEY|CREDITCARD,6203,|||||||
203,-73.57386365532875,45.50936142835129,false,0b1204af-08f3-11e7-a1cb-3863bb33a4e4,31,false,false,true,KEY|CREDITCARD,6205,|||||||
204,-73.57547,45.51059,false,0b1205e1-08f3-11e7-a1cb-3863bb33a4e4,39,false,false,true,KEY|CREDITCARD,6206,|||||||
205,-73.57688784599304,45.51283174510449,false,0b1206fe-08f3-11e7-a1cb-3863bb33a4e4,15,false,false,true,KEY|CREDITCARD,6207,|||||||
206,-73.57805,45.51069,false,0b120816-08f3-11e7-a1cb-3863bb33a4e4,23,false,false,true,KEY|CREDITCARD,6208,|||||||
207,-73.57067719101906,45.51254135285248,false,0b12092a-08f3-11e7-a1cb-3863bb33a4e4,27,false,false,true,KEY|CREDITCARD,6209,|||||||
208,-73.65636706352234,45.550692068419764,false,0b120a4a-08f3-11e7-a1cb-3863bb33a4e4,26,false,false,true,KEY|CREDITCARD,6210,|||||||
209,-73.57829064130783,45.51482779887124,false,0b120b73-08f3-11e7-a1cb-3863bb33a4e4,11,false,false,true,KEY|CREDITCARD,6211,|||||||
210,-73.58114182949066,45.51509198406273,false,0b120c8a-08f3-11e7-a1cb-3863bb33a4e4,23,false,false,true,KEY|CREDITCARD,6212,|||||||
211,-73.5793662071228,45.51706810634345,false,0b120d99-08f3-11e7-a1cb-3863bb33a4e4,15,false,false,true,KEY|CREDITCARD,6213,|||||||
212,-73.5701286792755,45.516090801970655,false,0b120eaa-08f3-11e7-a1cb-3863bb33a4e4,31,false,false,true,KEY|CREDITCARD,6214,|||||||
213,-73.57245951890945,45.50083231626815,false,0b120fbf-08f3-11e7-a1cb-3863bb33a4e4,43,false,false,true,KEY|CREDITCARD,6215,|||||||
214,-73.58477890491486,45.514839858968934,false,0b1210e1-08f3-11e7-a1cb-3863bb33a4e4,43,false,false,true,KEY|CREDITCARD,6216,|||||||
215,-73.5836161673069,45.518967223320054,false,0b1211fb-08f3-11e7-a1cb-3863bb33a4e4,23,false,false,true,KEY|CREDITCARD,6217,|||||||
216,-73.57460528612137,45.51740076184449,false,0b12130a-08f3-11e7-a1cb-3863bb33a4e4,23,false,false,true,KEY|CREDITCARD,6219,|||||||
217,-73.57718793155072,45.51922631024093,false,0b12141b-08f3-11e7-a1cb-3863bb33a4e4,27,false,false,true,KEY|CREDITCARD,6220,|||||||
218,-73.58685,45.51941,false,0b121524-08f3-11e7-a1cb-3863bb33a4e4,27,false,false,true,KEY|CREDITCARD,6221,|||||||
219,-73.5883381962776,45.51825290855221,false,0b12164d-08f3-11e7-a1cb-3863bb33a4e4,23,false,false,true,KEY|CREDITCARD,6222,|||||||
220,-73.589,45.517,false,0b12176d-08f3-11e7-a1cb-3863bb33a4e4,33,false,false,true,KEY|CREDITCARD,6223,|||||||
221,-73.59235,45.51829,false,0b121880-08f3-11e7-a1cb-3863bb33a4e4,15,false,false,true,KEY|CREDITCARD,6224,|||||||
222,-73.590559,45.520188,false,0b121993-08f3-11e7-a1cb-3863bb33a4e4,19,false,false,true,KEY|CREDITCARD,6225,|||||||
223,-73.561562,45.575707,false,0b121aa3-08f3-11e7-a1cb-3863bb33a4e4,65,false,false,true,KEY|CREDITCARD,6226,|||||||
224,-73.59497621666378,45.52027633320609,false,0b121bcd-08f3-11e7-a1cb-3863bb33a4e4,23,false,false,true,KEY|CREDITCARD,6227,|||||||
225,-73.58582027256489,45.52055948154798,false,0b121ce9-08f3-11e7-a1cb-3863bb33a4e4,15,false,false,true,KEY|CREDITCARD,6229,|||||||
226,-73.60012650489807,45.5238561444472,false,0b121dff-08f3-11e7-a1cb-3863bb33a4e4,19,false,false,true,KEY|CREDITCARD,6230,|||||||
227,-73.60184043645859,45.523026476635074,false,0b121f07-08f3-11e7-a1cb-3863bb33a4e4,23,false,false,true,KEY|CREDITCARD,6231,|||||||
228,-73.60319092869759,45.52626688601944,false,0b122017-08f3-11e7-a1cb-3863bb33a4e4,19,false,false,true,KEY|CREDITCARD,6234,|||||||
229,-73.5982757806778,45.52655700191558,false,0b12214a-08f3-11e7-a1cb-3863bb33a4e4,31,false,false,true,KEY|CREDITCARD,6235,|||||||
230,-73.57937312743161,45.53685576985672,false,0b122287-08f3-11e7-a1cb-3863bb33a4e4,19,false,false,true,KEY|CREDITCARD,6236,|||||||
232,-73.58044445514679,45.53200800170645,false,0b1224c3-08f3-11e7-a1cb-3863bb33a4e4,15,false,false,true,KEY|CREDITCARD,6237,|||||||
233,-73.57722043991089,45.51666442219882,false,0b1225d9-08f3-11e7-a1cb-3863bb33a4e4,27,false,false,true,KEY|CREDITCARD,6903,|||||||
234,-73.60556602478027,45.54975479298636,false,0b1226f9-08f3-11e7-a1cb-3863bb33a4e4,15,false,false,true,KEY|CREDITCARD,6924,|||||||
236,-73.62945914268494,45.5057209331225,false,0b122929-08f3-11e7-a1cb-3863bb33a4e4,27,false,false,true,KEY|CREDITCARD,6240,|||||||
237,-73.59783187508583,45.51753998795678,false,0b122a41-08f3-11e7-a1cb-3863bb33a4e4,15,false,false,true,KEY|CREDITCARD,6241,|||||||
239,-73.60820215362764,45.520545179997015,false,0b12331d-08f3-11e7-a1cb-3863bb33a4e4,15,false,false,true,KEY|CREDITCARD,6243,|||||||
241,-73.61328139901161,45.522745298216094,false,0b1235a6-08f3-11e7-a1cb-3863bb33a4e4,19,false,false,true,KEY|CREDITCARD,6245,|||||||
242,-73.61573964357376,45.52085479492202,false,0b1236ca-08f3-11e7-a1cb-3863bb33a4e4,23,false,false,true,KEY|CREDITCARD,6246,|||||||
243,-73.6110632121563,45.53226461018495,false,0b1237e6-08f3-11e7-a1cb-3863bb33a4e4,31,false,false,true,KEY|CREDITCARD,6247,|||||||
244,-73.581566,45.518593,false,0b1238fe-08f3-11e7-a1cb-3863bb33a4e4,23,false,false,true,KEY|CREDITCARD,6248,|||||||
245,-73.61199,45.53696,false,0b123a23-08f3-11e7-a1cb-3863bb33a4e4,23,false,false,true,KEY|CREDITCARD,6249,|||||||
246,-73.6148879583925,45.53678525128436,false,0b123b3e-08f3-11e7-a1cb-3863bb33a4e4,23,false,false,true,KEY|CREDITCARD,6250,|||||||
247,-73.61217230558395,45.53429782539273,false,0b124281-08f3-11e7-a1cb-3863bb33a4e4,23,false,false,true,KEY|CREDITCARD,6251,|||||||
248,-73.6154635157709,45.53319787800373,false,0b1243b5-08f3-11e7-a1cb-3863bb33a4e4,15,false,false,true,KEY|CREDITCARD,6252,|||||||
249,-73.6142510175705,45.53900036432657,false,0b1245b9-08f3-11e7-a1cb-3863bb33a4e4,19,false,false,true,KEY|CREDITCARD,6253,|||||||
250,-73.60897,45.54006,false,0b1246fa-08f3-11e7-a1cb-3863bb33a4e4,23,false,false,true,KEY|CREDITCARD,6254,|||||||
251,-73.60556,45.53848,false,0b124818-08f3-11e7-a1cb-3863bb33a4e4,19,false,false,true,KEY|CREDITCARD,6255,|||||||
253,-73.60783427975548,45.536434338630336,false,0b12737b-08f3-11e7-a1cb-3863bb33a4e4,19,false,false,true,KEY|CREDITCARD,6257,|||||||
254,-73.59321847558022,45.537087833013324,false,0b127e6d-08f3-11e7-a1cb-3863bb33a4e4,39,false,false,true,KEY|CREDITCARD,6258,|||||||
255,-73.5842102766037,45.54082265682394,false,0b128037-08f3-11e7-a1cb-3863bb33a4e4,19,false,false,true,KEY|CREDITCARD,6259,|||||||
256,-73.58594566583633,45.53923559055867,false,0b12a453-08f3-11e7-a1cb-3863bb33a4e4,23,false,false,true,KEY|CREDITCARD,6260,|||||||
257,-73.58822286128998,45.54459855947176,false,0b12a5db-08f3-11e7-a1cb-3863bb33a4e4,19,false,false,true,KEY|CREDITCARD,6261,|||||||
258,-73.59750330448149,45.53718135927993,false,0b12a710-08f3-11e7-a1cb-3863bb33a4e4,15,false,false,true,KEY|CREDITCARD,6262,|||||||
259,-73.6270022392273,45.47117930747152,false,0b12a953-08f3-11e7-a1cb-3863bb33a4e4,15,false,false,true,KEY|CREDITCARD,6263,|||||||
260,-73.59214425086974,45.5425697477813,false,0b12b053-08f3-11e7-a1cb-3863bb33a4e4,15,false,false,true,KEY|CREDITCARD,6264,|||||||
261,-73.57783321760508,45.5385023609599,false,0b12b18b-08f3-11e7-a1cb-3863bb33a4e4,15,false,false,true,KEY|CREDITCARD,6265,|||||||
262,-73.58868420124054,45.546661109634606,false,0b12b2a7-08f3-11e7-a1cb-3863bb33a4e4,27,false,false,true,KEY|CREDITCARD,6266,|||||||
263,-73.59564453363419,45.544375546398065,false,0b12b3bf-08f3-11e7-a1cb-3863bb33a4e4,15,false,false,true,KEY|CREDITCARD,6267,|||||||
264,-73.6004199389572,45.53929433998872,false,0b12b4d7-08f3-11e7-a1cb-3863bb33a4e4,15,false,false,true,KEY|CREDITCARD,6268,|||||||
265,-73.5533943772316,45.537627813487596,false,0b12ba05-08f3-11e7-a1cb-3863bb33a4e4,15,false,false,true,KEY|CREDITCARD,6269,|||||||
266,-73.60101029276848,45.54345172630376,false,0b12bb31-08f3-11e7-a1cb-3863bb33a4e4,19,false,false,true,KEY|CREDITCARD,6270,|||||||
267,-73.49011301994324,45.640002860465096,false,0b12bc3e-08f3-11e7-a1cb-3863bb33a4e4,19,false,false,true,KEY|CREDITCARD,6271,|||||||
268,-73.59866470098495,45.546539011777845,false,0b12bd4f-08f3-11e7-a1cb-3863bb33a4e4,19,false,false,true,KEY|CREDITCARD,6272,|||||||
269,-73.60281676054001,45.546779039476185,false,0b12d1d7-08f3-11e7-a1cb-3863bb33a4e4,23,false,false,true,KEY|CREDITCARD,6273,|||||||
270,-73.58439266681671,45.53036486555959,false,0b12dba6-08f3-11e7-a1cb-3863bb33a4e4,19,false,false,true,KEY|CREDITCARD,6274,|||||||
271,-73.61048251390457,45.544872613678606,false,0b12ddaa-08f3-11e7-a1cb-3863bb33a4e4,15,false,false,true,KEY|CREDITCARD,6275,|||||||
272,-73.60760450363159,45.541669595766315,false,0b12df39-08f3-11e7-a1cb-3863bb33a4e4,23,false,false,true,KEY|CREDITCARD,6276,|||||||
273,-73.59576,45.55001,false,0b12e0b4-08f3-11e7-a1cb-3863bb33a4e4,15,false,false,true,KEY|CREDITCARD,6278,|||||||
274,-73.59916493296623,45.55158518908433,false,0b12e8f4-08f3-11e7-a1cb-3863bb33a4e4,19,false,false,true,KEY|CREDITCARD,6279,|||||||
275,-73.59787344932556,45.5420595590383,false,0b12ea9e-08f3-11e7-a1cb-3863bb33a4e4,19,false,false,true,KEY|CREDITCARD,6904,|||||||
276,-73.58424894533528,45.54391953154915,false,0b12ec0c-08f3-11e7-a1cb-3863bb33a4e4,31,false,false,true,KEY|CREDITCARD,6905,|||||||
277,-73.59854198992252,45.53216615337666,false,0b12f18a-08f3-11e7-a1cb-3863bb33a4e4,23,false,false,true,KEY|CREDITCARD,6906,|||||||
278,-73.59539444449183,45.53413774789185,false,0b12f313-08f3-11e7-a1cb-3863bb33a4e4,3,false,false,true,KEY|CREDITCARD,6907,|||||||
279,-73.60112428665161,45.53341043363302,false,0b12f598-08f3-11e7-a1cb-3863bb33a4e4,15,false,false,true,KEY|CREDITCARD,6908,|||||||
280,-73.56363236904144,45.48390169543355,false,0b12fca5-08f3-11e7-a1cb-3863bb33a4e4,31,false,false,true,KEY|CREDITCARD,6921,|||||||
281,-73.5788968205452,45.5246829812827,false,0b12fe33-08f3-11e7-a1cb-3863bb33a4e4,19,false,false,true,KEY|CREDITCARD,6926,|||||||
282,-73.615085,45.50723,false,0b1303b8-08f3-11e7-a1cb-3863bb33a4e4,19,false,false,true,KEY|CREDITCARD,6927,|||||||
283,-73.62054750323296,45.50116506773693,false,0b130533-08f3-11e7-a1cb-3863bb33a4e4,19,false,false,true,KEY|CREDITCARD,6928,|||||||
284,-73.607723,45.527363,false,0b130cda-08f3-11e7-a1cb-3863bb33a4e4,19,false,false,true,KEY|CREDITCARD,6228,|||||||
285,-73.61114308841934,45.52431120694255,false,0b130e78-08f3-11e7-a1cb-3863bb33a4e4,23,false,false,true,KEY|CREDITCARD,6232,|||||||
286,-73.6049484461546,45.52428310031213,false,0b1313e0-08f3-11e7-a1cb-3863bb33a4e4,27,false,false,true,KEY|CREDITCARD,6233,|||||||
287,-73.64765658974648,45.549868431421636,false,0b131556-08f3-11e7-a1cb-3863bb33a4e4,15,false,false,true,KEY|CREDITCARD,6917,|||||||
288,-73.57921119790262,45.55191156229252,false,0b131aab-08f3-11e7-a1cb-3863bb33a4e4,15,false,false,true,KEY|CREDITCARD,6919,|||||||
289,-73.602026,45.537041,false,0b132264-08f3-11e7-a1cb-3863bb33a4e4,23,false,false,true,KEY|CREDITCARD,6910,|||||||
290,-73.56041371822357,45.4903101518855,false,0b1327e4-08f3-11e7-a1cb-3863bb33a4e4,23,false,false,true,KEY|CREDITCARD,6086,|||||||
291,-73.56481790542603,45.49302901258371,false,0b132d5a-08f3-11e7-a1cb-3863bb33a4e4,31,false,false,true,KEY|CREDITCARD,6087,|||||||
292,-73.56711119413376,45.49004220726396,false,0b1332b8-08f3-11e7-a1cb-3863bb33a4e4,31,false,false,true,KEY|CREDITCARD,6088,|||||||
293,-73.592010140419,45.5481863712796,false,0b133810-08f3-11e7-a1cb-3863bb33a4e4,19,false,false,true,KEY|CREDITCARD,6277,|||||||
294,-73.59245739877223,45.52361490311454,false,0b13441f-08f3-11e7-a1cb-3863bb33a4e4,23,false,false,true,KEY|CREDITCARD,6280,|||||||
297,-73.56965124607086,45.47822787309145,false,0b13704c-08f3-11e7-a1cb-3863bb33a4e4,23,false,false,true,KEY|CREDITCARD,10002,|||||||
301,-73.5690826177597,45.48772278774177,false,0b13760f-08f3-11e7-a1cb-3863bb33a4e4,22,false,false,true,KEY|CREDITCARD,6401,|||||||
302,-73.5852724313736,45.472781067977614,false,0b1377cc-08f3-11e7-a1cb-3863bb33a4e4,23,false,false,true,KEY|CREDITCARD,6402,|||||||
303,-73.5719633102417,45.485047979822774,false,0b137906-08f3-11e7-a1cb-3863bb33a4e4,19,false,false,true,KEY|CREDITCARD,6403,|||||||
304,-73.577514,45.485889,false,0b137a21-08f3-11e7-a1cb-3863bb33a4e4,19,false,false,true,KEY|CREDITCARD,6404,|||||||
305,-73.57487618923187,45.4820980397155,false,0b137b3e-08f3-11e7-a1cb-3863bb33a4e4,19,false,false,true,KEY|CREDITCARD,6405,|||||||
306,-73.57759863138199,45.48020822800015,false,0b137c76-08f3-11e7-a1cb-3863bb33a4e4,33,false,false,true,KEY|CREDITCARD,6406,|||||||
307,-73.57731164,45.48392802,false,0b137d98-08f3-11e7-a1cb-3863bb33a4e4,23,false,false,true,KEY|CREDITCARD,6407,|||||||
308,-73.57656,45.4891,false,0b137ecc-08f3-11e7-a1cb-3863bb33a4e4,17,false,false,true,KEY|CREDITCARD,6408,|||||||
309,-73.57942387461662,45.52017845247635,false,0b138096-08f3-11e7-a1cb-3863bb33a4e4,19,false,false,true,KEY|CREDITCARD,6307,|||||||
311,-73.57260704040527,45.4568844514464,false,0b138575-08f3-11e7-a1cb-3863bb33a4e4,15,false,false,true,KEY|CREDITCARD,6309,|||||||
312,-73.623526096344,45.50689914049937,false,0b138723-08f3-11e7-a1cb-3863bb33a4e4,31,false,false,true,KEY|CREDITCARD,6310,|||||||
313,-73.58367975812143,45.4824297233159,false,0b1388ac-08f3-11e7-a1cb-3863bb33a4e4,19,false,false,true,KEY|CREDITCARD,6313,|||||||
314,-73.63305062055588,45.50144933057703,false,0b138a2d-08f3-11e7-a1cb-3863bb33a4e4,39,false,false,true,KEY|CREDITCARD,6312,|||||||
315,-73.60941231250763,45.53488214147823,false,0b138bbc-08f3-11e7-a1cb-3863bb33a4e4,19,false,false,true,KEY|CREDITCARD,6311,|||||||
316,-73.57480645179749,45.52932643090091,false,0b138d55-08f3-11e7-a1cb-3863bb33a4e4,19,false,false,true,KEY|CREDITCARD,6314,|||||||
317,-73.62234055995941,45.49541495854606,false,0b138ee2-08f3-11e7-a1cb-3863bb33a4e4,23,false,false,true,KEY|CREDITCARD,6315,|||||||
318,-73.6470128595829,45.48911308766352,false,0b139069-08f3-11e7-a1cb-3863bb33a4e4,27,false,false,true,KEY|CREDITCARD,6316,|||||||
319,-73.56022596359253,45.55413299370016,false,0b1391e8-08f3-11e7-a1cb-3863bb33a4e4,23,false,false,true,KEY|CREDITCARD,6383,|||||||
320,-73.5762870311737,45.53611005443118,false,0b139367-08f3-11e7-a1cb-3863bb33a4e4,23,false,false,true,KEY|CREDITCARD,6385,|||||||
321,-73.55228791231639,45.54075795693904,false,0b1394fa-08f3-11e7-a1cb-3863bb33a4e4,31,false,false,true,KEY|CREDITCARD,6386,|||||||
322,-73.5515570640564,45.54690718297082,false,0b139684-08f3-11e7-a1cb-3863bb33a4e4,19,false,false,true,KEY|CREDITCARD,6387,|||||||
323,-73.54901432991028,45.55061693669672,false,0b139808-08f3-11e7-a1cb-3863bb33a4e4,19,false,false,true,KEY|CREDITCARD,6388,|||||||
324,-73.61248075962067,45.54158631132448,false,0b139985-08f3-11e7-a1cb-3863bb33a4e4,23,false,false,true,KEY|CREDITCARD,6389,|||||||
325,-73.5454724729061,45.54430308703469,false,0b139b11-08f3-11e7-a1cb-3863bb33a4e4,15,false,false,true,KEY|CREDITCARD,6391,|||||||
327,-73.54702949523926,45.54095791741757,false,0b139e39-08f3-11e7-a1cb-3863bb33a4e4,19,false,false,true,KEY|CREDITCARD,6393,|||||||
328,-73.54344606399536,45.54704806416695,false,0b139fbc-08f3-11e7-a1cb-3863bb33a4e4,19,false,false,true,KEY|CREDITCARD,6394,|||||||
329,-73.54661107063293,45.561782815423854,false,0b13a130-08f3-11e7-a1cb-3863bb33a4e4,55,false,false,true,KEY|CREDITCARD,6395,|||||||
330,-73.53978216648102,45.55321884238814,false,0b13a2b3-08f3-11e7-a1cb-3863bb33a4e4,22,false,false,true,KEY|CREDITCARD,6397,|||||||
331,-73.54087248444557,45.5511918874866,false,0b13a43a-08f3-11e7-a1cb-3863bb33a4e4,23,false,false,true,KEY|CREDITCARD,6398,|||||||
332,-73.63494157791138,45.538920637681315,false,0b13a5e0-08f3-11e7-a1cb-3863bb33a4e4,19,false,false,true,KEY|CREDITCARD,6323,|||||||
333,-73.62031280994415,45.53986414068127,false,0b13a766-08f3-11e7-a1cb-3863bb33a4e4,23,false,false,true,KEY|CREDITCARD,6327,|||||||
334,-73.62637460231781,45.54095134225734,false,0b13a8ed-08f3-11e7-a1cb-3863bb33a4e4,23,false,false,true,KEY|CREDITCARD,6329,|||||||
335,-73.63040059804916,45.540780049797995,false,0b13aa6c-08f3-11e7-a1cb-3863bb33a4e4,23,false,false,true,KEY|CREDITCARD,6330,|||||||
336,-73.63246187567711,45.543423548290185,false,0b13abee-08f3-11e7-a1cb-3863bb33a4e4,23,false,false,true,KEY|CREDITCARD,6331,|||||||
337,-73.63634169101715,45.54248521237199,false,0b13ad79-08f3-11e7-a1cb-3863bb33a4e4,15,false,false,true,KEY|CREDITCARD,6332,|||||||
338,-73.63102555274963,45.54723449640708,false,0b13aefa-08f3-11e7-a1cb-3863bb33a4e4,15,false,false,true,KEY|CREDITCARD,6333,|||||||
339,-73.62777203321457,45.54355974189168,false,0b13b075-08f3-11e7-a1cb-3863bb33a4e4,19,false,false,true,KEY|CREDITCARD,6334,|||||||
340,-73.6215104162693,45.54481928225348,false,0b13b1f1-08f3-11e7-a1cb-3863bb33a4e4,23,false,false,true,KEY|CREDITCARD,6335,|||||||
341,-73.61607524188003,45.54310243053054,false,0b13b367-08f3-11e7-a1cb-3863bb33a4e4,15,false,false,true,KEY|CREDITCARD,6336,|||||||
342,-73.62665355205536,45.545841561840085,false,0b13b4f3-08f3-11e7-a1cb-3863bb33a4e4,15,false,false,true,KEY|CREDITCARD,6338,|||||||
343,-73.62403571605682,45.474565185029945,false,0b13dbf6-08f3-11e7-a1cb-3863bb33a4e4,19,false,false,true,KEY|CREDITCARD,6339,|||||||
344,-73.614841,45.544867,false,0b13dddb-08f3-11e7-a1cb-3863bb33a4e4,11,false,false,true,KEY|CREDITCARD,6340,|||||||
345,-73.570769,45.467369,false,0b13df6a-08f3-11e7-a1cb-3863bb33a4e4,23,false,false,true,KEY|CREDITCARD,6341,|||||||
346,-73.61529439687729,45.55073975940279,false,0b13e0f4-08f3-11e7-a1cb-3863bb33a4e4,15,false,false,true,KEY|CREDITCARD,6343,|||||||
347,-73.6115748166776,45.55394833115208,false,0b13e231-08f3-11e7-a1cb-3863bb33a4e4,31,false,false,true,KEY|CREDITCARD,6345,|||||||
348,-73.55464696884155,45.54969542033443,false,0b13e34c-08f3-11e7-a1cb-3863bb33a4e4,27,false,false,true,KEY|CREDITCARD,6346,|||||||
349,-73.599658,45.559199,false,0b13e473-08f3-11e7-a1cb-3863bb33a4e4,15,false,false,true,KEY|CREDITCARD,6347,|||||||
350,-73.5646007,45.4757434,false,0b13e590-08f3-11e7-a1cb-3863bb33a4e4,27,false,false,true,KEY|CREDITCARD,6349,|||||||
351,-73.56577813625336,45.48059248038378,false,0b13e6a8-08f3-11e7-a1cb-3863bb33a4e4,23,false,false,true,KEY|CREDITCARD,6350,|||||||
355,-73.62802147865295,45.538737949470644,false,0b13eb2d-08f3-11e7-a1cb-3863bb33a4e4,15,false,false,true,KEY|CREDITCARD,6322,|||||||
356,-73.63490000367165,45.545580534390176,false,0b13ec45-08f3-11e7-a1cb-3863bb33a4e4,15,false,false,true,KEY|CREDITCARD,6324,|||||||
357,-73.62390697002411,45.53888723230076,false,0b13ed65-08f3-11e7-a1cb-3863bb33a4e4,15,false,false,true,KEY|CREDITCARD,6328,|||||||
358,-73.613924,45.471743,false,0b13ee9f-08f3-11e7-a1cb-3863bb33a4e4,23,false,false,true,KEY|CREDITCARD,6354,|||||||
359,-73.53744059801102,45.55626186680846,false,0b13efbf-08f3-11e7-a1cb-3863bb33a4e4,23,false,false,true,KEY|CREDITCARD,6355,|||||||
360,-73.6214379966259,45.47710675189806,false,0b13f0dd-08f3-11e7-a1cb-3863bb33a4e4,15,false,false,true,KEY|CREDITCARD,6356,|||||||
361,-73.589306473732,45.5568667309625,false,0b13f1f3-08f3-11e7-a1cb-3863bb33a4e4,23,false,false,true,KEY|CREDITCARD,6357,|||||||
362,-73.59392791986465,45.551937362101,false,0b13f308-08f3-11e7-a1cb-3863bb33a4e4,15,false,false,true,KEY|CREDITCARD,6358,|||||||
363,-73.56380671262741,45.50993151446477,false,0b13f435-08f3-11e7-a1cb-3863bb33a4e4,27,false,false,true,KEY|CREDITCARD,6359,|||||||
364,-73.58784198760986,45.553456845975276,false,0b13f555-08f3-11e7-a1cb-3863bb33a4e4,15,false,false,true,KEY|CREDITCARD,6360,|||||||
365,-73.59115451574326,45.54968589617967,false,0b13f670-08f3-11e7-a1cb-3863bb33a4e4,23,false,false,true,KEY|CREDITCARD,6361,|||||||
366,-73.58486741781235,45.54779995287998,false,0b13f78c-08f3-11e7-a1cb-3863bb33a4e4,15,false,false,true,KEY|CREDITCARD,6362,|||||||
367,-73.6198702454567,45.468926984877434,false,0b13f8a4-08f3-11e7-a1cb-3863bb33a4e4,19,false,false,true,KEY|CREDITCARD,6363,|||||||
368,-73.55826258659361,45.54991069359101,false,0b13f9ce-08f3-11e7-a1cb-3863bb33a4e4,23,false,false,true,KEY|CREDITCARD,6364,|||||||
370,-73.6247518658638,45.51014162409143,false,0b13fc0b-08f3-11e7-a1cb-3863bb33a4e4,19,false,false,true,KEY|CREDITCARD,6366,|||||||
371,-73.58138993382454,45.54800352985515,false,0b13fd21-08f3-11e7-a1cb-3863bb33a4e4,19,false,false,true,KEY|CREDITCARD,6367,|||||||
372,-73.57373356819151,45.55037651450808,false,0b13fe3c-08f3-11e7-a1cb-3863bb33a4e4,27,false,false,true,KEY|CREDITCARD,6368,|||||||
373,-73.6394852399826,45.45750908083069,false,0b13ff69-08f3-11e7-a1cb-3863bb33a4e4,27,false,false,true,KEY|CREDITCARD,6369,|||||||
374,-73.569847,45.557192,false,0b140084-08f3-11e7-a1cb-3863bb33a4e4,19,false,false,true,KEY|CREDITCARD,6370,|||||||
375,-73.57540726661682,45.54755711194616,false,0b14019f-08f3-11e7-a1cb-3863bb33a4e4,27,false,false,true,KEY|CREDITCARD,6371,|||||||
376,-73.57645065,45.5451997,false,0b1402b1-08f3-11e7-a1cb-3863bb33a4e4,38,false,false,true,KEY|CREDITCARD,6372,|||||||
377,-73.56936693191528,45.54710817336986,false,0b1403c7-08f3-11e7-a1cb-3863bb33a4e4,27,false,false,true,KEY|CREDITCARD,6373,|||||||
378,-73.5713866353035,45.55389801568004,false,0b1404ef-08f3-11e7-a1cb-3863bb33a4e4,23,false,false,true,KEY|CREDITCARD,6374,|||||||
379,-73.58732163906097,45.47729315148685,false,0b14060a-08f3-11e7-a1cb-3863bb33a4e4,23,false,false,true,KEY|CREDITCARD,6375,|||||||
380,-73.56577143073082,45.55293611277267,false,0b14073a-08f3-11e7-a1cb-3863bb33a4e4,23,false,false,true,KEY|CREDITCARD,6376,|||||||
381,-73.56385,45.47968,false,0b140857-08f3-11e7-a1cb-3863bb33a4e4,27,false,false,true,KEY|CREDITCARD,6377,|||||||
383,-73.57587933540344,45.4632535358533,false,0b140aa8-08f3-11e7-a1cb-3863bb33a4e4,15,false,false,true,KEY|CREDITCARD,6379,|||||||
384,-73.561916,45.551584,false,0b140bd0-08f3-11e7-a1cb-3863bb33a4e4,23,false,false,true,KEY|CREDITCARD,6380,|||||||
385,-73.56217458844185,45.5457759528664,false,0b141134-08f3-11e7-a1cb-3863bb33a4e4,19,false,false,true,KEY|CREDITCARD,6381,|||||||
387,-73.55709314346313,45.54611471966362,false,0b141431-08f3-11e7-a1cb-3863bb33a4e4,23,false,false,true,KEY|CREDITCARD,6384,|||||||
388,-73.55082213878632,45.55524110710243,false,0b141591-08f3-11e7-a1cb-3863bb33a4e4,31,false,false,true,KEY|CREDITCARD,6396,|||||||
389,-73.60328614711761,45.518309446368,false,0b1416bd-08f3-11e7-a1cb-3863bb33a4e4,15,false,false,true,KEY|CREDITCARD,6301,|||||||
390,-73.6032706975675,45.52079584115535,false,0b1417e4-08f3-11e7-a1cb-3863bb33a4e4,11,false,false,true,KEY|CREDITCARD,6302,|||||||
391,-73.61962616443634,45.514947674964425,false,0b141901-08f3-11e7-a1cb-3863bb33a4e4,15,false,false,true,KEY|CREDITCARD,6303,|||||||
392,-73.614991,45.515617,false,0b141a1b-08f3-11e7-a1cb-3863bb33a4e4,15,false,false,true,KEY|CREDITCARD,6304,|||||||
393,-73.610871,45.514379,false,0b141b49-08f3-11e7-a1cb-3863bb33a4e4,15,false,false,true,KEY|CREDITCARD,6305,|||||||
394,-73.6114051938057,45.510200304274754,false,0b141c69-08f3-11e7-a1cb-3863bb33a4e4,19,false,false,true,KEY|CREDITCARD,6306,|||||||
396,-73.62258464097977,45.53613488953656,false,0b141e98-08f3-11e7-a1cb-3863bb33a4e4,39,false,false,true,KEY|CREDITCARD,6321,|||||||
397,-73.61730621472816,45.535103202965765,false,0b1425cb-08f3-11e7-a1cb-3863bb33a4e4,23,false,false,true,KEY|CREDITCARD,6344,|||||||
399,-73.5737469792366,45.48621939184824,false,0b14284e-08f3-11e7-a1cb-3863bb33a4e4,27,false,false,true,KEY|CREDITCARD,6409,|||||||
401,-73.56835573911665,45.514524730294404,false,0b14514d-08f3-11e7-a1cb-3863bb33a4e4,27,false,false,true,KEY|CREDITCARD,6021,|||||||
403,-73.61815363168716,45.52311432992147,false,0b1453ac-08f3-11e7-a1cb-3863bb33a4e4,23,false,false,true,KEY|CREDITCARD,6066,|||||||
404,-73.57373893260956,45.51258740220925,false,0b1454e7-08f3-11e7-a1cb-3863bb33a4e4,27,false,false,true,KEY|CREDITCARD,6218,|||||||
407,-73.52457672,45.5063732,false,0b145ebe-08f3-11e7-a1cb-3863bb33a4e4,19,false,false,true,KEY|CREDITCARD,6502,|||||||
408,-73.6243924498558,45.53035130173597,false,0b145fee-08f3-11e7-a1cb-3863bb33a4e4,33,false,false,true,KEY|CREDITCARD,6503,|||||||
409,-73.53533238172531,45.52156536710626,false,0b14611d-08f3-11e7-a1cb-3863bb33a4e4,23,false,false,true,KEY|CREDITCARD,6504,|||||||
413,-73.61696138978003,45.469819787448564,false,0b1465ad-08f3-11e7-a1cb-3863bb33a4e4,15,false,false,true,KEY|CREDITCARD,6415,|||||||
414,-73.54749351739883,45.55415230370231,false,0b146c18-08f3-11e7-a1cb-3863bb33a4e4,15,false,false,true,KEY|CREDITCARD,6417,|||||||
415,-73.65294188261032,45.49810026070624,false,0b146d57-08f3-11e7-a1cb-3863bb33a4e4,15,false,false,true,KEY|CREDITCARD,6418,|||||||
417,-73.59104454517365,45.54124722370603,false,0b147065-08f3-11e7-a1cb-3863bb33a4e4,19,false,false,true,KEY|CREDITCARD,6421,|||||||
418,-73.61537218093872,45.47735333523628,false,0b147194-08f3-11e7-a1cb-3863bb33a4e4,15,false,false,true,KEY|CREDITCARD,6416,|||||||
419,-73.633649,45.491513,false,0b1472bf-08f3-11e7-a1cb-3863bb33a4e4,23,false,false,true,KEY|CREDITCARD,6419,|||||||
421,-73.629822,45.496302,false,0b14793c-08f3-11e7-a1cb-3863bb33a4e4,19,false,false,true,KEY|CREDITCARD,6423,|||||||
422,-73.62816195935011,45.48542414888848,false,0b147a69-08f3-11e7-a1cb-3863bb33a4e4,27,false,false,true,KEY|CREDITCARD,6420,|||||||
423,-73.6599015713,45.55702223161539,false,0b147b7b-08f3-11e7-a1cb-3863bb33a4e4,15,false,false,true,KEY|CREDITCARD,6422,|||||||
424,-73.63842844963074,45.54640752148169,false,0b147c90-08f3-11e7-a1cb-3863bb33a4e4,15,false,false,true,KEY|CREDITCARD,6410,|||||||
425,-73.638615,45.553262,false,0b147daa-08f3-11e7-a1cb-3863bb33a4e4,28,false,false,true,KEY|CREDITCARD,6412,|||||||
426,-73.56997847557068,45.50321511179396,false,0b1482b7-08f3-11e7-a1cb-3863bb33a4e4,27,false,false,true,KEY|CREDITCARD,6413,|||||||
427,-73.58590811491013,45.48013378575666,false,0b1483e2-08f3-11e7-a1cb-3863bb33a4e4,15,false,false,true,KEY|CREDITCARD,6414,|||||||
428,-73.56592163443565,45.462846046287325,false,0b1485d4-08f3-11e7-a1cb-3863bb33a4e4,15,false,false,true,KEY|CREDITCARD,6425,|||||||
429,-73.57209205627441,45.459487694540734,false,0b1486fb-08f3-11e7-a1cb-3863bb33a4e4,27,false,false,true,KEY|CREDITCARD,6426,|||||||
430,-73.56542240828276,45.47069642604657,false,0b14880a-08f3-11e7-a1cb-3863bb33a4e4,23,false,false,true,KEY|CREDITCARD,6427,|||||||
431,-73.54259,45.46714,false,0b149ec4-08f3-11e7-a1cb-3863bb33a4e4,33,false,false,true,KEY|CREDITCARD,6429,|||||||
432,-73.57296109199524,45.5133025720765,false,0b14a0b5-08f3-11e7-a1cb-3863bb33a4e4,31,false,false,true,KEY|CREDITCARD,6411,|||||||
433,-73.54395568370819,45.45998577640931,false,0b14a228-08f3-11e7-a1cb-3863bb33a4e4,23,false,false,true,KEY|CREDITCARD,6428,|||||||
437,-73.58586251735687,45.528087917632654,false,0b14ae83-08f3-11e7-a1cb-3863bb33a4e4,15,false,false,true,KEY|CREDITCARD,6281,|||||||
438,-73.58929306,45.48697062,false,0b14b09f-08f3-11e7-a1cb-3863bb33a4e4,19,false,false,true,KEY|CREDITCARD,6432,|||||||
439,-73.59084337949753,45.48282602624293,false,0b14b712-08f3-11e7-a1cb-3863bb33a4e4,15,false,false,true,KEY|CREDITCARD,6433,|||||||
440,-73.60016942024231,45.47742856483265,false,0b14b8bc-08f3-11e7-a1cb-3863bb33a4e4,15,false,false,true,KEY|CREDITCARD,6434,|||||||
441,-73.6003303527832,45.48129146961133,false,0b14ba3a-08f3-11e7-a1cb-3863bb33a4e4,15,false,false,true,KEY|CREDITCARD,6435,|||||||
442,-73.59572768211365,45.48624101696415,false,0b14c124-08f3-11e7-a1cb-3863bb33a4e4,19,false,false,true,KEY|CREDITCARD,6436,|||||||
443,-73.51526074111462,45.53368199320325,false,0b14c2b4-08f3-11e7-a1cb-3863bb33a4e4,15,false,false,true,KEY|CREDITCARD,5002,|||||||
444,-73.51716578006744,45.52841043752244,false,0b14c9db-08f3-11e7-a1cb-3863bb33a4e4,15,false,false,true,KEY|CREDITCARD,5003,|||||||
445,-73.508752,45.539824,false,0b14cb90-08f3-11e7-a1cb-3863bb33a4e4,11,false,false,true,KEY|CREDITCARD,5004,|||||||
446,-73.51223275076336,45.53665587626281,false,0b14d26c-08f3-11e7-a1cb-3863bb33a4e4,23,false,false,true,KEY|CREDITCARD,5005,|||||||
447,-73.49506705999374,45.53722603812578,false,0b14d40c-08f3-11e7-a1cb-3863bb33a4e4,19,false,false,true,KEY|CREDITCARD,5006,|||||||
448,-73.52012693881989,45.52331869398737,false,0b14d978-08f3-11e7-a1cb-3863bb33a4e4,35,false,false,true,KEY|CREDITCARD,5007,|||||||
452,-73.59242051839828,45.53147464147482,false,0b14e83b-08f3-11e7-a1cb-3863bb33a4e4,19,false,false,true,KEY|CREDITCARD,6929,|||||||
453,-73.61544728279114,45.55984236120471,false,0b14edb8-08f3-11e7-a1cb-3863bb33a4e4,34,false,false,true,KEY|CREDITCARD,6930,|||||||
454,-73.53409996037954,45.55078357889704,false,0b14f30c-08f3-11e7-a1cb-3863bb33a4e4,19,false,false,true,KEY|CREDITCARD,6700,|||||||
455,-73.57717752456664,45.50104110864491,false,0b15234d-08f3-11e7-a1cb-3863bb33a4e4,31,false,false,true,KEY|CREDITCARD,6701,|||||||
456,-73.548081,45.569789,false,0b153eab-08f3-11e7-a1cb-3863bb33a4e4,27,false,false,true,KEY|CREDITCARD,6702,|||||||
457,-73.55529472231865,45.554946972033726,false,0b154e30-08f3-11e7-a1cb-3863bb33a4e4,24,false,false,true,KEY|CREDITCARD,6703,|||||||
458,-73.58588397502899,45.56175036258966,false,0b15509c-08f3-11e7-a1cb-3863bb33a4e4,27,false,false,true,KEY|CREDITCARD,6704,|||||||
459,-73.57614,45.456365,false,0b1551f1-08f3-11e7-a1cb-3863bb33a4e4,15,false,false,true,KEY|CREDITCARD,6705,|||||||
460,-73.5725748538971,45.450729976972944,false,0b15530e-08f3-11e7-a1cb-3863bb33a4e4,23,false,false,true,KEY|CREDITCARD,6706,|||||||
461,-73.58193710446358,45.45608545783109,false,0b155435-08f3-11e7-a1cb-3863bb33a4e4,19,false,false,true,KEY|CREDITCARD,6707,|||||||
462,-73.56844156980515,45.507096455662456,false,0b155561-08f3-11e7-a1cb-3863bb33a4e4,18,false,false,true,KEY|CREDITCARD,6708,|||||||
463,-73.5842116177082,45.46176500743515,false,0b15569e-08f3-11e7-a1cb-3863bb33a4e4,23,false,false,true,KEY|CREDITCARD,6709,|||||||
464,-73.65832507610321,45.55982811984724,false,0b1557b8-08f3-11e7-a1cb-3863bb33a4e4,15,false,false,true,KEY|CREDITCARD,6710,|||||||
465,-73.61701235175133,45.5315236502754,false,0b1558cf-08f3-11e7-a1cb-3863bb33a4e4,15,false,false,true,KEY|CREDITCARD,6711,|||||||
466,-73.58274042606354,45.43791380065227,false,0b1559e7-08f3-11e7-a1cb-3863bb33a4e4,15,false,false,true,KEY|CREDITCARD,6712,|||||||
467,-73.57968807220459,45.56776565172907,false,0b155b17-08f3-11e7-a1cb-3863bb33a4e4,15,false,false,true,KEY|CREDITCARD,6713,|||||||
468,-73.63751649856567,45.4157471675921,false,0b1560e8-08f3-11e7-a1cb-3863bb33a4e4,31,false,false,true,KEY|CREDITCARD,6714,|||||||
469,-73.57509076595306,45.44454701497536,false,0b156254-08f3-11e7-a1cb-3863bb33a4e4,27,false,false,true,KEY|CREDITCARD,6715,|||||||
470,-73.6555677652359,45.56387237463668,false,0b156380-08f3-11e7-a1cb-3863bb33a4e4,19,false,false,true,KEY|CREDITCARD,6716,|||||||
471,-73.63870203495026,45.49456403292622,false,0b156493-08f3-11e7-a1cb-3863bb33a4e4,19,false,false,true,KEY|CREDITCARD,6717,|||||||
472,-73.623295,45.466569,false,0b1565a3-08f3-11e7-a1cb-3863bb33a4e4,19,false,false,true,KEY|CREDITCARD,6718,|||||||
473,-73.63407254219055,45.46072936353252,false,0b1566c9-08f3-11e7-a1cb-3863bb33a4e4,15,false,false,true,KEY|CREDITCARD,6719,|||||||
474,-73.535496,45.5594818,false,0b1567df-08f3-11e7-a1cb-3863bb33a4e4,19,false,false,true,KEY|CREDITCARD,6720,|||||||
475,-73.54683637619019,45.5769632283486,false,0b1568f2-08f3-11e7-a1cb-3863bb33a4e4,19,false,false,true,KEY|CREDITCARD,6721,|||||||
476,-73.53893224149942,45.575053587491674,false,0b156b6c-08f3-11e7-a1cb-3863bb33a4e4,23,false,false,true,KEY|CREDITCARD,6722,|||||||
477,-73.5774926841259,45.56485589064712,false,0b156ca1-08f3-11e7-a1cb-3863bb33a4e4,15,false,false,true,KEY|CREDITCARD,6723,|||||||
478,-73.58258485794067,45.47163706151147,false,0b156dca-08f3-11e7-a1cb-3863bb33a4e4,34,false,false,true,KEY|CREDITCARD,6724,|||||||
479,-73.5939010977745,45.451030919298056,false,0b156eef-08f3-11e7-a1cb-3863bb33a4e4,15,false,false,true,KEY|CREDITCARD,6725,|||||||
480,-73.6505614221096,45.56076192837154,false,0b157007-08f3-11e7-a1cb-3863bb33a4e4,27,false,false,true,KEY|CREDITCARD,6726,|||||||
481,-73.56033325195312,45.48498016481593,false,0b157114-08f3-11e7-a1cb-3863bb33a4e4,31,false,false,true,KEY|CREDITCARD,6727,|||||||
482,-73.62672328948975,45.52687028194893,false,0b15722c-08f3-11e7-a1cb-3863bb33a4e4,19,false,false,true,KEY|CREDITCARD,6728,|||||||
483,-73.5581123828888,45.516426545782224,false,0b157357-08f3-11e7-a1cb-3863bb33a4e4,15,false,false,true,KEY|CREDITCARD,6729,|||||||
484,-73.573047,45.570081,false,0b15746b-08f3-11e7-a1cb-3863bb33a4e4,31,false,false,true,KEY|CREDITCARD,6730,|||||||
485,-73.61804097890854,45.54716975001593,false,0b15757a-08f3-11e7-a1cb-3863bb33a4e4,23,false,false,true,KEY|CREDITCARD,6733,|||||||
486,-73.559038,45.477923,false,0b15768c-08f3-11e7-a1cb-3863bb33a4e4,27,false,false,true,KEY|CREDITCARD,6732,|||||||
487,-73.57160453728284,45.563678730285794,false,0b1577a0-08f3-11e7-a1cb-3863bb33a4e4,19,false,false,true,KEY|CREDITCARD,6731,|||||||
489,-73.62268656492233,45.54218173507584,false,0b1579f1-08f3-11e7-a1cb-3863bb33a4e4,15,false,false,true,KEY|CREDITCARD,6734,|||||||
490,-73.66716161370277,45.55675103297278,false,0b157b10-08f3-11e7-a1cb-3863bb33a4e4,16,false,false,true,KEY|CREDITCARD,6736,|||||||
491,-73.630103,45.552123,false,0b157c28-08f3-11e7-a1cb-3863bb33a4e4,19,false,false,true,KEY|CREDITCARD,6737,|||||||
492,-73.6039674282074,45.56105928295798,false,0b157d3b-08f3-11e7-a1cb-3863bb33a4e4,15,false,false,true,KEY|CREDITCARD,6735,|||||||
493,-73.56658279895781,45.50235036136798,false,0b157e60-08f3-11e7-a1cb-3863bb33a4e4,27,false,false,true,KEY|CREDITCARD,6738,|||||||
495,-73.5353136062622,45.580314546424674,false,0b158095-08f3-11e7-a1cb-3863bb33a4e4,19,false,false,true,KEY|CREDITCARD,6739,|||||||
496,-73.5702332854271,45.486318644010225,false,0b1581a7-08f3-11e7-a1cb-3863bb33a4e4,23,false,false,true,KEY|CREDITCARD,6741,|||||||
497,-73.59643578529356,45.46339729163665,false,0b1582bb-08f3-11e7-a1cb-3863bb33a4e4,17,false,false,true,KEY|CREDITCARD,6742,|||||||
498,-73.583368,45.494514,false,0b1583e3-08f3-11e7-a1cb-3863bb33a4e4,15,false,false,true,KEY|CREDITCARD,6743,|||||||
499,-73.59764268636354,45.45670282849069,false,0b1584ff-08f3-11e7-a1cb-3863bb33a4e4,15,false,false,true,KEY|CREDITCARD,6744,|||||||
500,-73.6241751909256,45.52746031240825,false,0b158b6f-08f3-11e7-a1cb-3863bb33a4e4,19,false,false,true,KEY|CREDITCARD,6745,|||||||
501,-73.62344294786453,45.52357479400008,false,0b158ca5-08f3-11e7-a1cb-3863bb33a4e4,21,false,false,true,KEY|CREDITCARD,6746,|||||||
502,-73.61470833420753,45.53050525974957,false,0b158db7-08f3-11e7-a1cb-3863bb33a4e4,19,false,false,true,KEY|CREDITCARD,6747,|||||||
503,-73.55797827243805,45.49282530947313,false,0b158eeb-08f3-11e7-a1cb-3863bb33a4e4,27,false,false,true,KEY|CREDITCARD,6748,|||||||
504,-73.55646550655365,45.50642115207643,false,0b159001-08f3-11e7-a1cb-3863bb33a4e4,15,false,false,true,KEY|CREDITCARD,6749,|||||||
505,-73.58385890722275,45.52872356043453,false,0b159114-08f3-11e7-a1cb-3863bb33a4e4,19,false,false,true,KEY|CREDITCARD,6750,|||||||
508,-73.61296892166138,45.52605851018324,false,0b15bda3-08f3-11e7-a1cb-3863bb33a4e4,26,false,false,true,KEY|CREDITCARD,6752,|||||||
511,-73.57462137937546,45.57414703721992,false,0b15c175-08f3-11e7-a1cb-3863bb33a4e4,23,false,false,true,KEY|CREDITCARD,6753,|||||||
512,-73.59052859581423,45.45759682462104,false,0b15c291-08f3-11e7-a1cb-3863bb33a4e4,23,false,false,true,KEY|CREDITCARD,6754,|||||||
514,-73.63223254680634,45.53111685996161,false,0b15c4e5-08f3-11e7-a1cb-3863bb33a4e4,15,false,false,true,KEY|CREDITCARD,7001,|||||||
515,-73.66735741496086,45.54407915308118,false,0b15c602-08f3-11e7-a1cb-3863bb33a4e4,19,false,false,true,KEY|CREDITCARD,7002,|||||||
516,-73.57773274183273,45.49498148219463,false,0b15c71c-08f3-11e7-a1cb-3863bb33a4e4,31,false,false,true,KEY|CREDITCARD,7003,|||||||
517,-73.64063255488873,45.54983321292286,false,0b15c831-08f3-11e7-a1cb-3863bb33a4e4,31,false,false,true,KEY|CREDITCARD,7004,|||||||
518,-73.65378744900227,45.56735205736566,false,0b15c94a-08f3-11e7-a1cb-3863bb33a4e4,15,false,false,true,KEY|CREDITCARD,7005,|||||||
519,-73.66556167602539,45.547657606073564,false,0b15ca76-08f3-11e7-a1cb-3863bb33a4e4,19,false,false,true,KEY|CREDITCARD,7006,|||||||
520,-73.63389015197754,45.51293324107222,false,0b15cb8e-08f3-11e7-a1cb-3863bb33a4e4,27,false,false,true,KEY|CREDITCARD,7007,|||||||
521,-73.61202478408813,45.54762473418251,false,0b15cca5-08f3-11e7-a1cb-3863bb33a4e4,11,false,false,true,KEY|CREDITCARD,7008,|||||||
522,-73.55994835495949,45.51590134450289,false,0b15cdba-08f3-11e7-a1cb-3863bb33a4e4,19,false,false,true,KEY|CREDITCARD,7009,|||||||
523,-73.63037377595901,45.481845071377414,false,0b15cee1-08f3-11e7-a1cb-3863bb33a4e4,23,false,false,true,KEY|CREDITCARD,7010,|||||||
524,-73.55481661856174,45.5199566933084,false,0b15d009-08f3-11e7-a1cb-3863bb33a4e4,23,false,false,true,KEY|CREDITCARD,7011,|||||||
525,-73.55623290546646,45.51494635689226,false,0b15d11c-08f3-11e7-a1cb-3863bb33a4e4,19,false,false,true,KEY|CREDITCARD,7012,|||||||
526,-73.62659722566605,45.4648769981855,false,0b15d232-08f3-11e7-a1cb-3863bb33a4e4,19,false,false,true,KEY|CREDITCARD,7013,|||||||
527,-73.6182689666748,45.50363996257211,false,0b15d348-08f3-11e7-a1cb-3863bb33a4e4,26,false,false,true,KEY|CREDITCARD,7014,|||||||
528,-73.59309915918857,45.42947143740888,false,0b15d9c8-08f3-11e7-a1cb-3863bb33a4e4,22,false,false,true,KEY|CREDITCARD,7015,|||||||
529,-73.54247644543648,45.58284663189181,false,0b15db12-08f3-11e7-a1cb-3863bb33a4e4,19,false,false,true,KEY|CREDITCARD,7016,|||||||
530,-73.53271722793579,45.55486172158387,false,0b15dc2d-08f3-11e7-a1cb-3863bb33a4e4,19,false,false,true,KEY|CREDITCARD,7017,|||||||
531,-73.53725016117096,45.54522973039872,false,0b15dd46-08f3-11e7-a1cb-3863bb33a4e4,23,false,false,true,KEY|CREDITCARD,7018,|||||||
532,-73.59879076480864,45.52751292628879,false,0b15de58-08f3-11e7-a1cb-3863bb33a4e4,23,false,false,true,KEY|CREDITCARD,7019,|||||||
533,-73.5534825682771,45.543652466151,false,0b15df6a-08f3-11e7-a1cb-3863bb33a4e4,15,false,false,true,KEY|CREDITCARD,7020,|||||||
534,-73.61646920442581,45.51915286772737,false,0b15e094-08f3-11e7-a1cb-3863bb33a4e4,19,false,false,true,KEY|CREDITCARD,7021,|||||||
535,-73.60668718814848,45.52222528598142,false,0b15e1ac-08f3-11e7-a1cb-3863bb33a4e4,15,false,false,true,KEY|CREDITCARD,7022,|||||||
536,-73.6424103,45.5333709,false,0b15e2c4-08f3-11e7-a1cb-3863bb33a4e4,15,false,false,true,KEY|CREDITCARD,7023,|||||||
537,-73.58672618865965,45.52723106564012,false,0b15e3d6-08f3-11e7-a1cb-3863bb33a4e4,18,false,false,true,KEY|CREDITCARD,7024,|||||||
538,-73.62018674612045,45.532330645908054,false,0b15e4ea-08f3-11e7-a1cb-3863bb33a4e4,15,false,false,true,KEY|CREDITCARD,7042,|||||||
539,-73.60122251338906,45.52793332015246,false,0b15e611-08f3-11e7-a1cb-3863bb33a4e4,23,false,false,true,KEY|CREDITCARD,7025,|||||||
540,-73.59347056655677,45.527041096087785,false,0b15e73a-08f3-11e7-a1cb-3863bb33a4e4,19,false,false,true,KEY|CREDITCARD,7026,|||||||
541,-73.56803923845291,45.53650541861215,false,0b15e8c3-08f3-11e7-a1cb-3863bb33a4e4,15,false,false,true,KEY|CREDITCARD,7027,|||||||
542,-73.59773585219955,45.52711659226418,false,0b15e9f2-08f3-11e7-a1cb-3863bb33a4e4,19,false,false,true,KEY|CREDITCARD,7028,|||||||
543,-73.58352363109587,45.5380207402854,false,0b15eb0c-08f3-11e7-a1cb-3863bb33a4e4,19,false,false,true,KEY|CREDITCARD,7029,|||||||
544,-73.57065707445145,45.53340912723174,false,0b15ec38-08f3-11e7-a1cb-3863bb33a4e4,11,false,false,true,KEY|CREDITCARD,7030,|||||||
545,-73.57748061418532,45.52287768023207,false,0b15ed4a-08f3-11e7-a1cb-3863bb33a4e4,15,false,false,true,KEY|CREDITCARD,7031,|||||||
546,-73.58975838928018,45.526251876092516,false,0b15ee5d-08f3-11e7-a1cb-3863bb33a4e4,27,false,false,true,KEY|CREDITCARD,7032,|||||||
547,-73.57769787311554,45.508566869474386,false,0b15ef72-08f3-11e7-a1cb-3863bb33a4e4,19,false,false,true,KEY|CREDITCARD,7033,|||||||
549,-73.57383679656778,45.53922374455291,false,0b15f1a7-08f3-11e7-a1cb-3863bb33a4e4,15,false,false,true,KEY|CREDITCARD,7035,|||||||
550,-73.59682738780975,45.5198946757576,false,0b15f2ba-08f3-11e7-a1cb-3863bb33a4e4,15,false,false,true,KEY|CREDITCARD,7036,|||||||
551,-73.57209607958794,45.507843547809316,false,0b15f3cb-08f3-11e7-a1cb-3863bb33a4e4,23,false,false,true,KEY|CREDITCARD,7037,|||||||
552,-73.57523024082184,45.514107949601446,false,0b15fa35-08f3-11e7-a1cb-3863bb33a4e4,19,false,false,true,KEY|CREDITCARD,7038,|||||||
553,-73.56772005558014,45.543763151117474,false,0b15fb65-08f3-11e7-a1cb-3863bb33a4e4,23,false,false,true,KEY|CREDITCARD,7039,|||||||
554,-73.61071854829788,45.52954744851231,false,0b15fc8b-08f3-11e7-a1cb-3863bb33a4e4,15,false,false,true,KEY|CREDITCARD,7040,|||||||
555,-73.63165721297264,45.470535000953966,false,0b15fda8-08f3-11e7-a1cb-3863bb33a4e4,31,false,false,true,KEY|CREDITCARD,7041,|||||||
556,-73.56384828686714,45.549713734001415,false,0b15febc-08f3-11e7-a1cb-3863bb33a4e4,23,false,false,true,KEY|CREDITCARD,7043,|||||||
557,-73.5555911064148,45.56493679334249,false,0b15ffd0-08f3-11e7-a1cb-3863bb33a4e4,23,false,false,true,KEY|CREDITCARD,7044,|||||||
558,-73.6147928237915,45.53472725603326,false,0b1600e4-08f3-11e7-a1cb-3863bb33a4e4,15,false,false,true,KEY|CREDITCARD,7045,|||||||
559,-73.57333794236183,45.502386079583346,false,0b160210-08f3-11e7-a1cb-3863bb33a4e4,15,false,false,true,KEY|CREDITCARD,7046,|||||||
560,-73.56066450476646,45.49245742344385,false,0b160324-08f3-11e7-a1cb-3863bb33a4e4,31,false,false,true,KEY|CREDITCARD,7047,|||||||
561,-73.60229507088661,45.44705915105563,false,0b16042d-08f3-11e7-a1cb-3863bb33a4e4,27,false,false,true,KEY|CREDITCARD,7048,|||||||
562,-73.5439610481262,45.501863463435576,false,0b160541-08f3-11e7-a1cb-3863bb33a4e4,35,false,false,true,KEY|CREDITCARD,7049,|||||||
563,-73.56406286358833,45.48972725318433,false,0b160654-08f3-11e7-a1cb-3863bb33a4e4,15,false,false,true,KEY|CREDITCARD,7050,|||||||
564,-73.60030621290207,45.450020323797766,false,0b162bfe-08f3-11e7-a1cb-3863bb33a4e4,19,false,false,true,KEY|CREDITCARD,7051,|||||||
565,-73.56206325352105,45.4828250990486,false,0b162d59-08f3-11e7-a1cb-3863bb33a4e4,15,false,false,true,KEY|CREDITCARD,7052,|||||||
566,-73.56846034526825,45.48091406771754,false,0b162e76-08f3-11e7-a1cb-3863bb33a4e4,23,false,false,true,KEY|CREDITCARD,7053,|||||||
567,-73.59391784324544,45.467665653865964,false,0b162f91-08f3-11e7-a1cb-3863bb33a4e4,35,false,false,true,KEY|CREDITCARD,7054,|||||||
568,-73.58099363744259,45.48026417718717,false,0b1630a7-08f3-11e7-a1cb-3863bb33a4e4,27,false,false,true,KEY|CREDITCARD,7055,|||||||
569,-73.57785612344742,45.44826204820947,false,0b1631cc-08f3-11e7-a1cb-3863bb33a4e4,15,false,false,true,KEY|CREDITCARD,7056,|||||||
570,-73.5675758599973,45.457834746062645,false,0b1632e1-08f3-11e7-a1cb-3863bb33a4e4,19,false,false,true,KEY|CREDITCARD,7057,|||||||
571,-73.56730699539183,45.461077990108386,false,0b1633f6-08f3-11e7-a1cb-3863bb33a4e4,15,false,false,true,KEY|CREDITCARD,7058,|||||||
572,-73.57191503047943,45.45301583620112,false,0b163a73-08f3-11e7-a1cb-3863bb33a4e4,23,false,false,true,KEY|CREDITCARD,7059,|||||||
573,-73.57156895217486,45.46300108733155,false,0b163ba4-08f3-11e7-a1cb-3863bb33a4e4,19,false,false,true,KEY|CREDITCARD,7060,|||||||
574,-73.61650675535202,45.54043190217008,false,0b163ccd-08f3-11e7-a1cb-3863bb33a4e4,15,false,false,true,KEY|CREDITCARD,7061,|||||||
575,-73.55933010578154,45.49716534003792,false,0b163de4-08f3-11e7-a1cb-3863bb33a4e4,21,false,false,true,KEY|CREDITCARD,7062,|||||||
576,-73.62994194030762,45.54195463236575,false,0b163fee-08f3-11e7-a1cb-3863bb33a4e4,19,false,false,true,KEY|CREDITCARD,7063,|||||||
577,-73.6381347477436,45.539983846015616,false,0b164119-08f3-11e7-a1cb-3863bb33a4e4,23,false,false,true,KEY|CREDITCARD,7064,|||||||
578,-73.60565051436424,45.54365085053057,false,0b164237-08f3-11e7-a1cb-3863bb33a4e4,23,false,false,true,KEY|CREDITCARD,7065,|||||||
579,-73.56139540672302,45.50707812811467,false,0b16436c-08f3-11e7-a1cb-3863bb33a4e4,39,false,false,true,KEY|CREDITCARD,7066,|||||||
580,-73.57139065861702,45.50625103256782,false,0b164480-08f3-11e7-a1cb-3863bb33a4e4,31,false,false,true,KEY|CREDITCARD,7067,|||||||
581,-73.56500297784805,45.48752158511353,false,0b164596-08f3-11e7-a1cb-3863bb33a4e4,31,false,false,true,KEY|CREDITCARD,7068,|||||||
582,-73.5642009973526,45.5063713381299,false,0b1646b5-08f3-11e7-a1cb-3863bb33a4e4,66,false,false,true,KEY|CREDITCARD,7069,|||||||
583,-73.55592101812363,45.47993042065731,false,0b1647cd-08f3-11e7-a1cb-3863bb33a4e4,23,false,false,true,KEY|CREDITCARD,7070,|||||||
584,-73.58259558677672,45.495789104811756,false,0b1648f0-08f3-11e7-a1cb-3863bb33a4e4,19,false,false,true,KEY|CREDITCARD,7071,|||||||
585,-73.56539458036421,45.52303493310712,false,0b1649fe-08f3-11e7-a1cb-3863bb33a4e4,27,false,false,true,KEY|CREDITCARD,7072,|||||||
586,-73.55584256350994,45.5231943285584,false,0b164b12-08f3-11e7-a1cb-3863bb33a4e4,19,false,false,true,KEY|CREDITCARD,7073,|||||||
587,-73.56185138225555,45.518128086513194,false,0b164c29-08f3-11e7-a1cb-3863bb33a4e4,15,false,false,true,KEY|CREDITCARD,7074,|||||||
588,-73.53139221668242,45.587192010846486,false,0b164d42-08f3-11e7-a1cb-3863bb33a4e4,31,false,false,true,KEY|CREDITCARD,7075,|||||||
589,-73.58078241348267,45.49122961531575,false,0b164e7c-08f3-11e7-a1cb-3863bb33a4e4,19,false,false,true,KEY|CREDITCARD,7076,|||||||
590,-73.54575277422555,45.526499983000186,false,0b1654f1-08f3-11e7-a1cb-3863bb33a4e4,27,false,false,true,KEY|CREDITCARD,7077,|||||||
591,-73.55965197086334,45.53445294687473,false,0b16562e-08f3-11e7-a1cb-3863bb33a4e4,23,false,false,true,KEY|CREDITCARD,7078,|||||||
592,-73.5598772764206,45.50027825485988,false,0b165745-08f3-11e7-a1cb-3863bb33a4e4,19,false,false,true,KEY|CREDITCARD,7079,|||||||
593,-73.57187882065773,45.505102242483595,false,0b165864-08f3-11e7-a1cb-3863bb33a4e4,23,false,false,true,KEY|CREDITCARD,7080,|||||||
594,-73.56100916862488,45.51566980408714,false,0b165999-08f3-11e7-a1cb-3863bb33a4e4,27,false,false,true,KEY|CREDITCARD,7081,|||||||
595,-73.54187428951263,45.54959767887176,false,1bae0e44-d82a-4cfd-8d8d-5e6f1f0fa3e5,19,false,false,true,KEY|CREDITCARD,4000,|||||||
605,-73.62985610961914,45.52022241072457,false,622200e7-1cdb-4012-bed7-da753162cf14,23,false,false,true,KEY|CREDITCARD,4001,|||||||
606,-73.64048302173615,45.51693654712809,false,d0c5bf9b-ca11-43fb-a5c8-9a4902714ed0,19,false,false,true,KEY|CREDITCARD,4002,|||||||
607,-73.57970255652616,45.48362849262369,false,a69227c7-deda-4988-a5fd-f3e9fe4d00fe,19,false,false,true,KEY|CREDITCARD,7082,|||||||
608,-73.57602417469025,45.502812816508936,false,4cabba00-e5fa-434b-a526-7653c25e392c,23,false,false,true,KEY|CREDITCARD,7084,|||||||
609,-73.57213497161865,45.515604257816335,false,41bdaf12-6920-4305-8192-d62787029389,19,false,false,true,KEY|CREDITCARD,7083,|||||||
610,-73.57117742300034,45.50018613596756,false,ad95c994-c6b6-4c07-aa95-915b2c4a83c9,31,false,false,true,KEY|CREDITCARD,7085,|||||||
611,0.0,0.0,false,98ee8221-ac11-4cca-9855-159f6ec2a125,3,false,false,true,KEY|CREDITCARD,7086,|||||||
612,-73.4999567270279,45.64141535746634,false,9d5bb509-7b2e-4f4b-8211-2e1711d334cb,19,false,false,true,KEY|CREDITCARD,7087,|||||||
613,-73.50041270256041,45.65140583915357,false,b7bf4d7f-fc95-48de-9be0-f5067757b87d,19,false,false,true,KEY|CREDITCARD,7088,|||||||
614,-73.49191546440125,45.64954588445726,false,7a5ab188-a9cf-45c0-aa7d-bc5a19adf4ab,23,false,false,true,KEY|CREDITCARD,7089,|||||||
617,-73.65178048610687,45.5705063564781,false,11d35b5a-4128-414d-8605-b7f4a423d0af,31,false,false,true,KEY|CREDITCARD,7090,|||||||
618,-73.64676475524902,45.57600034155425,false,8c890268-9d84-48c2-b110-7a8dcb0b67d8,23,false,false,true,KEY|CREDITCARD,7091,|||||||
619,-73.67716491222382,45.53972553109637,false,0ca346e9-95e1-402f-a074-6b71d2c9e3dd,31,false,false,true,KEY|CREDITCARD,7092,|||||||
620,-73.6872661113739,45.539806548176045,false,9c482b2f-0a57-4ef8-8bd5-73ac839b1b35,23,false,false,true,KEY|CREDITCARD,7093,|||||||
621,-73.6945965886116,45.53308032414161,false,b4d3a74f-e4e1-4e2f-a748-b4c90a4f4b03,19,false,false,true,KEY|CREDITCARD,7094,|||||||
622,-73.65337640047073,45.540685517278774,false,46c3a863-9ca1-4a9d-878a-1f0e0e61e0b6,15,false,false,true,KEY|CREDITCARD,7095,|||||||
623,-73.6548838019371,45.53830765459552,false,8afbbf58-1be5-4a44-91ef-42f6c5635c99,30,false,false,true,KEY|CREDITCARD,7096,|||||||
624,-73.56279015541077,45.59722114932571,false,a5bbe554-36cb-430d-9e74-4a1903c9b474,23,false,false,true,KEY|CREDITCARD,7097,|||||||
625,-73.60697718857409,45.47576431228466,false,5d358b14-6a3b-48cf-ba5a-c37f818e20f8,15,false,false,true,KEY|CREDITCARD,7099,|||||||
626,-73.55860590934752,45.59530631783751,false,37ce8fe7-e47c-4fc2-bb12-188268b84830,19,false,false,true,KEY|CREDITCARD,7098,|||||||
627,-73.65449488162994,45.49404432109336,false,989222c7-dff8-4027-8740-a788098fcaf2,19,false,false,true,KEY|CREDITCARD,7100,|||||||
628,-73.66142839193344,45.500450948002225,false,27f3c8a3-0874-40bb-9eb4-26ae3941f736,23,false,false,true,KEY|CREDITCARD,7101,|||||||
629,-73.64694982767105,45.514080696641386,false,64618de1-bec1-4a96-9e38-ee75fbd59106,23,false,false,true,KEY|CREDITCARD,7102,|||||||
630,-73.67112457752228,45.43164811293773,false,ac6d0172-ae6b-45a1-a0f2-71db92e52559,31,false,false,true,KEY|CREDITCARD,7103,|||||||
631,-73.67079868912697,45.43498715540587,false,cedfe1f7-5148-449c-b09e-d37dafa66c26,23,false,false,true,KEY|CREDITCARD,7104,|||||||
632,-73.69349151849747,45.432839840726125,false,11d98bc0-a11f-4506-9a74-89b6ae3cbc55,27,false,false,true,KEY|CREDITCARD,7105,|||||||
633,-73.6801904439926,45.43579350588776,false,05c30e26-3af8-4324-a927-2107af730e84,15,false,false,true,KEY|CREDITCARD,7106,|||||||
634,-73.68404335686137,45.43355645380774,false,2890e427-fe95-4bf1-a268-85699f6388e6,19,false,false,true,KEY|CREDITCARD,7107,|||||||
635,-73.601194024086,45.422451407155854,false,3a782ff8-eac1-4d9f-97c3-980b94e09d10,31,false,false,true,KEY|CREDITCARD,7108,|||||||
636,-73.60547482967377,45.43567575514444,false,9ff2903a-3e84-4cf7-a08f-56c179f47ca9,22,false,false,true,KEY|CREDITCARD,7109,|||||||
637,-73.61291594803333,45.41631023854958,false,6f06d2d0-fe38-4f27-b954-0708c64e9111,31,false,false,true,KEY|CREDITCARD,7110,|||||||
638,-73.65741580724716,45.42612352042827,false,141b3cb8-010c-404e-8017-85fd538f1036,27,false,false,true,KEY|CREDITCARD,7111,|||||||
639,-73.61375212669373,45.44404309237571,false,e53f7ac3-165f-41e1-9f68-d3471b6897b1,19,false,false,true,KEY|CREDITCARD,7112,|||||||
640,-73.59523737417474,45.52526754750969,false,0be4f33e-fcbd-4d98-9401-229fd183bd78,15,false,false,true,KEY|CREDITCARD,7113,|||||||
641,-73.55641052126883,45.49276061084002,false,8c6532d4-b6ed-481b-b6c9-585459a6becb,19,false,false,true,KEY|CREDITCARD,7114,|||||||
642,-73.53965610265732,45.58917500418707,false,913c1975-01ea-4a82-b7fe-0e69126f1ba9,15,false,false,true,KEY|CREDITCARD,7115,|||||||
643,-73.53517949581145,45.5967964774917,false,310b2729-af0a-4e79-8cb9-af1139e0229c,23,false,false,true,KEY|CREDITCARD,7116,|||||||
644,-73.56617510318756,45.59259615276133,false,1257b2a7-d643-4059-a6d9-15f64fe2518f,27,false,false,true,KEY|CREDITCARD,7117,|||||||
645,-73.52441847324371,45.60191332161639,false,7e5f3173-c724-4050-8178-2b4e0b2a5e4d,19,false,false,true,KEY|CREDITCARD,7118,|||||||
646,-73.52273898082785,45.60962627826218,false,42196207-6f5d-4c13-ba35-a900d5e1be17,27,false,false,true,KEY|CREDITCARD,7119,|||||||
647,-73.54840010404587,45.5581596605471,false,713a0060-2a0b-44f1-99b2-947eaa8dbfc3,19,false,false,true,KEY|CREDITCARD,7120,|||||||
648,-73.52352797985077,45.59587457490178,false,d9449bf6-4241-4443-9094-cdfc4c756ed0,23,false,false,true,KEY|CREDITCARD,7121,|||||||
649,-73.64124342799187,45.58116002977833,false,0ae94fea-0db4-4f0d-af33-f185822d1759,23,false,false,true,KEY|CREDITCARD,7122,|||||||
650,-73.64061713218689,45.59089190991344,false,ca333629-870e-4a74-9ee3-19d8b3af4c3c,27,false,false,true,KEY|CREDITCARD,7123,|||||||
651,-73.61142262816429,45.51678269880724,false,2bab7c8c-5374-4286-b14c-e391853f4fcd,27,false,false,true,KEY|CREDITCARD,7124,|||||||
652,-73.56666326522826,45.56833021674857,false,a2c00315-461b-4191-b92b-eca7e4bfb066,23,false,false,true,KEY|CREDITCARD,7125,|||||||
653,-73.56431499123573,45.57178977666956,false,f7f6df8f-3a19-42c6-8c9c-1816cf38bca9,19,false,false,true,KEY|CREDITCARD,7126,|||||||
654,-73.61229971051216,45.527650097960205,false,74a3693c-e8b1-4b8d-922a-64f4d7f2f99e,15,false,false,true,KEY|CREDITCARD,7127,|||||||
655,-73.68516325950623,45.51953948301331,false,9d1f847c-5f68-47f1-a21a-34876a3926c3,23,false,false,true,KEY|CREDITCARD,7128,|||||||
656,-73.67701068520546,45.51255920872999,false,99aa90a0-1eeb-42d0-968a-4549dfd76378,31,false,false,true,KEY|CREDITCARD,7129,|||||||
657,-73.6729645729065,45.50843904979172,false,7e04cea7-60a1-4c66-a1c6-272c89a6df97,17,false,false,true,KEY|CREDITCARD,7130,|||||||
658,-73.6662483215332,45.51962176248447,false,0382a293-bef4-46d4-acce-11a2f811feb4,27,false,false,true,KEY|CREDITCARD,7131,|||||||
659,-73.61122308304402,45.48046706437983,false,cc4ccc88-6395-4c60-adbd-337060417059,15,false,false,true,KEY|CREDITCARD,7132,|||||||
660,-73.69856357574463,45.50897852206792,false,804472d6-4078-45eb-b56d-dfa36598806c,27,false,false,true,KEY|CREDITCARD,7133,|||||||
661,-73.58932256698608,45.489979216588914,false,da0056b9-8b90-49b3-98ef-e9e8da4d9541,23,false,false,true,KEY|CREDITCARD,7134,|||||||
662,-73.69143962860107,45.52252484113786,false,f07958e1-1c97-488d-9c91-fc5af07b6903,23,false,false,true,KEY|CREDITCARD,7135,|||||||
663,-73.68175685405731,45.50684315902468,false,ce9d8184-476d-4694-82df-ce19914d9faa,27,false,false,true,KEY|CREDITCARD,7136,|||||||
664,-73.58168095350266,45.57934937043077,false,d233c7b6-364e-457f-aa03-2b2b9f0d978c,22,false,false,true,KEY|CREDITCARD,7137,|||||||
665,-73.56935352087021,45.587777966914885,false,a8ef74e0-2311-4c98-a561-6d85ede53dae,15,false,false,true,KEY|CREDITCARD,7138,|||||||
666,-73.66032063961029,45.50918998627081,false,04e73cf3-52ff-4db2-870d-12dc73abd429,15,false,false,true,KEY|CREDITCARD,7139,|||||||
667,-73.57190027832984,45.489185716082275,false,d2e0271f-1000-45a5-be2b-826bc3d86065,55,false,false,true,KEY|CREDITCARD,7140,|||||||
668,-73.58198940753937,45.478888528072076,false,de3734d1-1e5e-41d4-8d32-b67e8d617c41,19,false,false,true,KEY|CREDITCARD,7141,|||||||
669,-73.546804189682,45.45682318753668,false,a95dc189-f8e1-4cd6-82fd-891faf88b941,14,false,false,true,KEY|CREDITCARD,7142,|||||||
670,-73.57219934463501,45.44693448484644,false,79bc2886-1f1e-4d36-9e73-6a2a01804c87,27,false,false,true,KEY|CREDITCARD,7143,|||||||
671,-73.56672608268127,45.46492207074344,false,858c516c-52f9-4343-b3e8-1f39761519a0,15,false,false,true,KEY|CREDITCARD,7144,|||||||
672,-73.5767751932144,45.453318765468914,false,cfc793a2-de06-4a1f-8eb5-598089b390a4,15,false,false,true,KEY|CREDITCARD,7145,|||||||
673,-73.56941521167755,45.492259058093644,false,d6622a9d-b9f1-4cb0-b4e8-3764196c6373,23,false,false,true,KEY|CREDITCARD,7146,|||||||
674,-73.61962348222733,45.53570881624427,false,ee5a7123-8734-49db-90bc-f38bc58fc962,23,false,false,true,KEY|CREDITCARD,7147,|||||||
675,-73.63356828689575,45.55988367688166,false,f7d3d0fa-f0ca-47f4-953b-77762e63d799,35,false,false,true,KEY|CREDITCARD,7148,|||||||
676,-73.59533339738846,45.56244008398078,false,b592407b-8242-4697-8d3f-be5525e640d8,11,false,false,true,KEY|CREDITCARD,7149,|||||||
681,-73.59537899494171,45.48184019359366,false,2486cb1f-9475-4291-85a4-5f11104667e4,15,false,false,true,KEY|CREDITCARD,6437,|||||||
682,-73.74444007873535,45.55188644388879,false,9dba1653-7543-48b2-99aa-f838cb46f145,15,false,false,true,KEY|CREDITCARD,7150,|||||||
683,-73.7370860205192,45.570726609302966,false,44cbae13-8ad5-4b8f-8db8-37f541c9f192,19,false,false,true,KEY|CREDITCARD,7151,|||||||
684,-73.6923623085022,45.56266824826759,false,0d94b6af-95d3-453c-9bbb-b56d137e9acc,27,false,false,true,KEY|CREDITCARD,7152,|||||||
685,-73.6752020941276,45.56843961893042,false,f81acbc2-eda3-45a3-a8fe-34f96230910b,19,false,false,true,KEY|CREDITCARD,7153,|||||||
686,-73.6989176273346,45.559495502858624,false,2962de39-66c4-46f5-a75d-783cef2d93e1,15,false,false,true,KEY|CREDITCARD,8080,|||||||
687,-73.70748996734619,45.55233742797057,false,b070d490-3865-4abf-b6a2-349c36ce5e32,15,false,false,true,KEY|CREDITCARD,8081,|||||||
688,0.0,0.0,false,b5e88483-ea40-478a-9a17-9b21f7b13897,1,false,false,true,KEY|CREDITCARD,8082,|||||||
692,-73.60178411006927,45.52972642281735,true,d23da94b-4ffc-41f8-aac9-26a7d54dd58d,21,false,false,true,KEY|CREDITCARD,8056,|||||||
693,-73.60601127147675,45.617499783128075,true,711f2ff3-4bb2-4a88-ae1b-c63d2a369f79,11,false,false,true,KEY|CREDITCARD,8052,|||||||
694,-73.71360540390015,45.531943590076395,true,1db0360e-e44d-46a0-901e-83dd951f34ee,13,false,false,true,KEY|CREDITCARD,8012,|||||||
695,-73.62631559371948,45.51694782364431,true,7fc945e4-96b1-4f78-9c28-7a01faf0acb8,15,false,false,true,KEY|CREDITCARD,8015,|||||||
696,-73.63852232694626,45.490494421832885,true,af9c250f-97f7-4d9a-a34f-2c8bf06f2a1b,15,false,false,true,KEY|CREDITCARD,8017,|||||||
697,-73.589816,45.470366,true,d27a5d1a-7b7d-447c-81a8-ebb288dfdf51,27,false,false,true,KEY|CREDITCARD,8040,|||||||
698,-73.55826258659361,45.54099971663243,true,090ebced-df78-491a-8615-b08e18023bb1,15,false,false,true,KEY|CREDITCARD,8044,|||||||
699,-73.730423,45.526765,true,531c8e6e-e31d-4a95-8a9f-4133f1ef2f8a,19,false,false,true,KEY|CREDITCARD,8010,|||||||
700,-73.65595400333405,45.57833184623925,true,438d82c1-e3ea-484c-bbdc-4d01f97a2057,19,false,false,true,KEY|CREDITCARD,8011,|||||||
701,-73.6465984582901,45.5460355901214,true,2ad3d94f-7c6c-4332-8141-0afbb655a3d0,19,false,false,true,KEY|CREDITCARD,8013,|||||||
702,-73.60953703522682,45.4690264732394,true,8cfe3cbc-9dfb-4a5b-9ffe-ea84de64eb47,15,false,false,true,KEY|CREDITCARD,8018,|||||||
703,-73.64002168178558,45.471881993586074,true,3deba875-e06a-45a3-9ac3-c2990de36d09,23,false,false,true,KEY|CREDITCARD,8019,|||||||
704,-73.51599633693695,45.604620837709874,true,663959aa-ba31-447d-b42a-3d4ca5bd8466,15,false,false,true,KEY|CREDITCARD,8045,|||||||
705,-73.53436946868896,45.605901731906485,true,10eebef8-e9de-4a35-bb77-fe91b0d92114,15,false,false,true,KEY|CREDITCARD,8042,|||||||
706,-73.63497912883759,45.48274245886277,true,302c870a-f143-4fd6-80c2-ffeb145e66ff,15,false,false,true,KEY|CREDITCARD,8020,|||||||
707,-73.59173655509949,45.43914465255811,true,c9940d6e-d804-42a9-ab99-cdd8f2718002,15,false,false,true,KEY|CREDITCARD,8065,|||||||
708,-73.56998920440674,45.47256100297732,true,6bcc24f4-d3c9-4864-9777-aa1e4e8a04ec,19,false,false,true,KEY|CREDITCARD,8064,|||||||
709,-73.63642623429769,45.5692509593831,true,663f570a-8c16-4b0d-810d-3b3c937c5b91,15,false,false,true,KEY|CREDITCARD,8072,|||||||
710,-73.58381867408752,45.44791581215845,true,d5af8bbd-012e-41d0-8c20-e4c018f3fdb1,19,false,false,true,KEY|CREDITCARD,8066,|||||||
711,-73.64477455615997,45.45976107571447,true,2f05a7e0-4b0c-4ae7-b619-018da39ebf5e,19,false,false,true,KEY|CREDITCARD,8021,|||||||
712,-73.62434014678001,45.54813638885782,true,ac57be6c-6055-4f51-9613-ae5fcf5bfe9d,15,false,false,true,KEY|CREDITCARD,8076,|||||||
713,-73.64101678133011,45.566869345371856,true,8cc0f04b-d481-4e58-ba3a-9a746caa0ae3,15,false,false,true,KEY|CREDITCARD,8077,|||||||
715,-73.68262052536011,45.50033882529942,true,ca6be600-b37c-4172-8f31-ed34f988be88,15,false,false,true,KEY|CREDITCARD,8057,|||||||
716,-73.72167885303497,45.52234149817879,true,8d0bf2f0-d457-4d90-997c-80cb8e35db4e,11,false,false,true,KEY|CREDITCARD,8059,|||||||
717,-73.68249848484993,45.5129938566323,true,f08b2a87-bbf3-47c0-a0a0-db836f256076,25,false,false,true,KEY|CREDITCARD,8068,|||||||
718,-73.56501236557959,45.54154850456526,true,47cb7a0c-4250-4c21-b70a-7a815187216d,15,false,false,true,KEY|CREDITCARD,8053,|||||||
719,-73.5968528687954,45.43289436644322,true,ef18ab32-665d-4d7d-b3aa-64dee950c0f9,15,false,false,true,KEY|CREDITCARD,8029,|||||||
720,-73.64959917962551,45.425059666150744,true,9386a01e-eb16-46f8-a76c-8af3ae155551,19,false,false,true,KEY|CREDITCARD,8062,|||||||
721,-73.69353175163269,45.43745998781385,true,a74ea4e2-8baa-4ffa-81bd-bf2db09cebee,15,false,false,true,KEY|CREDITCARD,8025,|||||||
722,-73.68137061595917,45.43977865314493,true,ce93ad50-e362-458b-9e13-168325328722,15,false,false,true,KEY|CREDITCARD,8027,|||||||
723,-73.61863106489182,45.4970756249088,true,2278037b-3c3a-448f-9994-7717ec630822,19,false,false,true,KEY|CREDITCARD,8060,|||||||
724,-73.54154974222183,45.5717982258088,true,d96d802d-64c1-4d2d-8b3d-07a9fd04f1da,15,false,false,true,KEY|CREDITCARD,8043,|||||||
725,-73.59642143554083,45.45975305658671,true,5fc9288f-dfc9-4c1d-9b47-eb7410ef29b8,15,false,false,true,KEY|CREDITCARD,8037,|||||||
726,-73.58918591405198,45.45290792768395,true,71f98093-e646-4677-8d3c-6815377d2a17,19,false,false,true,KEY|CREDITCARD,8041,|||||||
727,-73.59204769134521,45.57162736519074,true,cdcdb1c5-df54-4a0a-93de-2c477c70292c,15,false,false,true,KEY|CREDITCARD,8061,|||||||
728,-73.63610029220581,45.59836857189897,true,e3bc8ba4-b88a-499f-b1df-003c8c9e1268,15,false,false,true,KEY|CREDITCARD,8047,|||||||
729,-73.55725058932876,45.5218942750191,true,ef48ad79-5aee-4989-9d30-59a4a168251a,19,false,false,true,KEY|CREDITCARD,8063,|||||||
730,-73.70231330394745,45.44034701273575,true,90783e8f-1e2a-4d00-9664-4ac404f28e6d,15,false,false,true,KEY|CREDITCARD,8028,|||||||
731,-73.57783721439773,45.58830296569168,true,b4c3a72f-d05d-437e-87e8-37fc485bc0a1,15,false,false,true,KEY|CREDITCARD,8058,|||||||
732,-73.62021625041962,45.43854405099729,true,53011711-8a0b-4ea8-83c6-e39b804365a4,15,false,false,true,KEY|CREDITCARD,8030,|||||||
733,-73.56858909130096,45.49537171535007,true,8ffd81ea-f527-414f-bcef-037d29ff596e,15,false,false,true,KEY|CREDITCARD,8070,|||||||
734,-73.547019,45.604607,true,92334c60-8ec2-4568-a990-59e8100c0cfd,3,false,false,true,KEY|CREDITCARD,8016,|||||||
735,-73.60060930252075,45.51577505385328,true,7ac86271-ecfb-49b1-8c08-98b5d22423e5,15,false,false,true,KEY|CREDITCARD,8051,|||||||
736,-73.628878,45.490628,true,b3719bfe-649c-402e-913e-b837b890e1b9,11,false,false,true,KEY|CREDITCARD,8023,|||||||
737,-73.61224472522736,45.61451924823857,true,9de7e546-5b65-43bd-b0ae-3f4581413ff4,15,false,false,true,KEY|CREDITCARD,8048,|||||||
738,-73.59580412507057,45.56481129244175,true,14cb374c-969b-4011-aea2-42d3a1f5ec2f,19,false,false,true,KEY|CREDITCARD,8073,|||||||
739,-73.63222307861179,45.5880821705668,true,8dff977b-096e-453e-8488-cd18825bad0b,15,false,false,true,KEY|CREDITCARD,8046,|||||||
740,-73.56425732374191,45.516926210319546,true,a99d47d9-e066-43d1-b000-07132f3b39c4,15,false,false,true,KEY|CREDITCARD,8071,|||||||
741,-73.57891157269478,45.53385065978592,true,abb84672-aa02-47b9-85d2-de970ba1db2f,15,false,false,true,KEY|CREDITCARD,8035,|||||||
742,-73.58563594055795,45.525155180448635,true,7f228487-4db1-4040-b432-5b7c939d0013,15,false,false,true,KEY|CREDITCARD,8032,|||||||
744,-73.633883446455,45.42971096449354,true,38ccab1c-e292-4ed2-95d4-bb15da464654,15,false,false,true,KEY|CREDITCARD,8031,|||||||
745,-73.71690452098846,45.443350566356294,true,65030bfb-c92d-4cfd-9c57-6ab8ce7396f7,19,false,false,true,KEY|CREDITCARD,8026,|||||||
746,-73.58094334602356,45.47519326260791,true,dffff196-27a1-4b70-9fef-2a4eca8c56e6,19,false,false,true,KEY|CREDITCARD,8038,|||||||
747,-73.573775,45.477605,true,7f459f08-2743-4417-8781-98141a85c6a5,19,false,false,true,KEY|CREDITCARD,8039,|||||||
748,-73.57512443329142,45.53752664254414,true,af1fb49a-b99f-4e47-8ad7-e1d354c07191,11,false,false,true,KEY|CREDITCARD,8034,|||||||
749,-73.56824576854706,45.53163403743962,true,31a4b3aa-7962-4d6a-aafe-cfdc333c21b8,19,false,false,true,KEY|CREDITCARD,8033,|||||||
750,-73.59615683555603,45.55456382820465,true,c88a12c0-2758-4cf0-80f7-bc5889d0b0cb,19,false,false,true,KEY|CREDITCARD,8055,|||||||
751,-73.59587844472117,45.53932399260009,true,13a1340e-4aa3-410f-8ac7-384ad79f346f,19,false,false,true,KEY|CREDITCARD,8054,|||||||
752,-73.57605636119843,45.53946063965585,true,7b579c3f-73d6-457d-ab89-5ffdaf450857,17,false,false,true,KEY|CREDITCARD,8036,|||||||
753,-73.5548669,45.5303174,true,fe0da6db-f4f5-4907-b683-3bd9416ec9e6,15,false,false,true,KEY|CREDITCARD,8067,|||||||
754,-73.62448364496231,45.44527192876118,true,53450745-5428-4844-ae53-dbd454fc504e,15,false,false,true,KEY|CREDITCARD,8024,|||||||
755,-73.60179483890533,45.557513199473476,true,1e42d938-ca67-44fe-a0de-6ba9fcfbc6c4,15,false,false,true,KEY|CREDITCARD,8078,|||||||
756,-73.62283945083618,45.50398168549117,true,9baed1f7-b468-4be6-a769-ae54a14f59a8,26,false,false,true,KEY|CREDITCARD,8074,|||||||
757,-73.6192358493281,45.52800016604284,true,537cc0f1-ccfa-4149-9262-bb66ba6e583b,15,false,false,true,KEY|CREDITCARD,8075,|||||||
758,-73.63276362419128,45.583287878804136,true,1d7445be-9494-4575-8da2-70a4989c64b0,15,false,false,true,KEY|CREDITCARD,8049,|||||||
759,-73.55095624923706,45.595303971837076,true,b930f16c-a15a-4a4d-ab0a-dbbc05146354,3,false,false,true,KEY|CREDITCARD,8014,|||||||
760,-73.71118605136871,45.506175841460966,true,332c8986-73fc-472a-80ef-9a14fa76062d,19,false,false,true,KEY|CREDITCARD,8069,|||||||
761,-73.62088680267334,45.55081979211847,true,1d06911e-696f-4f51-9913-f872803a4384,15,false,false,true,KEY|CREDITCARD,8079,|||||||
762,-73.69144901633263,45.51473429416659,true,55513f38-da48-4f6e-a73b-d169074f7e1d,15,false,false,true,KEY|CREDITCARD,8022,|||||||
768,-73.6287838,45.6062348,true,150e255b-87ae-4858-ad3c-95864f520195,19,false,false,true,KEY|CREDITCARD,8129,|||||||
769,-73.70444297790526,45.50403766981151,true,3b842092-18d6-4513-bf2e-ec1492112626,23,false,false,true,KEY|CREDITCARD,8146,|||||||
770,-73.68911147117615,45.52591381815231,true,c81a9546-82f3-42f3-bff4-778458cc2f96,19,false,false,true,KEY|CREDITCARD,8147,|||||||
771,-73.67795147001743,45.5200557245067,true,b37b65bd-446a-4f18-ba78-2ca2002ec2ca,15,false,false,true,KEY|CREDITCARD,8149,|||||||
772,-73.610512,45.5616903,true,51fed989-6dd2-492e-98aa-038fe579f33d,15,false,false,true,KEY|CREDITCARD,8162,|||||||
773,-73.5952181,45.5864002,true,bb12a0e0-b371-45ef-855b-1818cb1c0922,19,false,false,true,KEY|CREDITCARD,8152,|||||||
774,-73.570601,45.579346,true,a3f2b0c6-4dab-48ed-aa9d-6192e502649b,15,false,false,true,KEY|CREDITCARD,8141,|||||||
775,-73.5902694,45.5904902,true,64150b83-24f0-4a3f-abe4-fc22f2aee15b,19,false,false,true,KEY|CREDITCARD,8150,|||||||
776,-73.63767206668854,45.59398503487043,true,2912dd6e-82e9-4d32-b0e2-452f5bf98ec2,21,false,false,true,KEY|CREDITCARD,8128,|||||||
777,-73.60258877277374,45.57940569041942,true,51a55a11-55a6-400b-ae5c-7c18d42d924f,15,false,false,true,KEY|CREDITCARD,8151,|||||||
778,-73.67273926734924,45.43805550384184,true,f98eb5c9-be07-412c-a638-dc4434113513,19,false,false,true,KEY|CREDITCARD,8106,|||||||
779,-73.70836973190308,45.43656827071224,true,cd754373-6841-4127-bff2-09a8018cf540,19,false,false,true,KEY|CREDITCARD,8105,|||||||
780,-73.66902440786362,45.43054314462451,true,9542acd7-7bf6-46ef-bd6c-95f777cebbf7,25,false,false,true,KEY|CREDITCARD,8104,|||||||
781,-73.5579303,45.6027276,true,fab68014-0e92-4d36-b034-a0ab0740ac0a,11,false,false,true,KEY|CREDITCARD,8094,|||||||
782,-73.54673445224762,45.610926628992026,true,0029f8ce-089b-482e-b44d-e009779e7d72,19,false,false,true,KEY|CREDITCARD,8095,|||||||
783,-73.689113,45.502989,true,f71dae23-5454-4bbf-8889-2191f0cd6086,19,false,false,true,KEY|CREDITCARD,8145,|||||||
784,-73.52724552154541,45.5169025120042,true,e15afb6d-79a1-4005-bf64-9189afb049e5,19,false,false,true,KEY|CREDITCARD,8096,|||||||
785,-73.72661411762238,45.51758306374252,true,a4c988c9-f846-45b0-92c7-9c36da9f9340,19,false,false,true,KEY|CREDITCARD,8144,|||||||
786,-73.71306091547012,45.51317758246596,true,1a5ad88e-1b37-4a90-b08a-993f1946f00d,19,false,false,true,KEY|CREDITCARD,8148,|||||||
787,-73.69487822055817,45.43982382100397,true,a74f20c5-0093-4ed6-bdb7-14071c190b78,15,false,false,true,KEY|CREDITCARD,8108,|||||||
788,-73.71546685695648,45.43836713933041,true,2dac9eaf-5f07-4fdb-92ad-4845cecc6875,2,false,false,true,KEY|CREDITCARD,8109,|||||||
789,-73.65079946815968,45.44606092178209,true,05a27286-bb16-4bae-98ca-7018997ec27d,2,false,false,true,KEY|CREDITCARD,8107,|||||||
790,-73.71942043304443,45.55814299291968,true,93bf0f2e-80d3-4e7c-a958-6e1a3bcdb56b,23,false,false,true,KEY|CREDITCARD,8083,|||||||
791,-73.68125259876251,45.56007440937141,true,7bcab64c-a82d-4741-9c01-eb22b13409c8,19,false,false,true,KEY|CREDITCARD,8084,|||||||
792,-73.67731243371964,45.528630548578505,true,bcca8c44-8507-49bf-9f81-a001c9e99954,15,false,false,true,KEY|CREDITCARD,8165,|||||||
793,0.0,0.0,true,4263c0c5-5f97-4202-a484-0e73c4bc1aa2,3,false,false,true,KEY|CREDITCARD,8172,|||||||
794,-73.60824286937714,45.51601394037214,true,e92b9e0d-d575-40e4-9b57-b206b839fe76,15,false,false,true,KEY|CREDITCARD,8133,|||||||
795,0.0,0.0,true,668e058e-1a17-4023-ad61-52cb45a41d23,3,false,false,true,KEY|CREDITCARD,8131,|||||||
796,-73.7091851234436,45.5604898518365,true,0ccbfca2-bdee-40cd-9a70-bf944b8d8a50,3,false,false,true,KEY|CREDITCARD,8091,|||||||
797,-73.66225451231003,45.5534000891078,true,dae6ca43-f6ab-4aa5-84c8-69e78b30f6d3,15,false,false,true,KEY|CREDITCARD,8098,|||||||
798,-73.55155438184738,45.55970526805903,true,68778270-f72b-4d9d-bb0a-e5b295a3c26c,25,false,false,true,KEY|CREDITCARD,8166,|||||||
799,0.0,0.0,true,73fb9d73-92b1-4616-b8a7-b71ba4bebcc1,2,false,false,true,KEY|CREDITCARD,8097,|||||||
800,0.0,0.0,true,1929ef6b-926c-43b3-8c28-a3f28718e204,3,false,false,true,KEY|CREDITCARD,8132,|||||||
801,0.0,0.0,true,26ea3651-0a88-440a-918a-fe81a8077f18,3,false,false,true,KEY|CREDITCARD,8153,|||||||
802,-73.74687284231186,45.56842034638607,true,d3d60bbc-df7c-4cc9-924c-41d44e1589e0,23,false,false,true,KEY|CREDITCARD,8090,|||||||
803,0.0,0.0,true,e4641aa7-62fd-470e-ac5b-aee0be519c35,2,false,false,true,KEY|CREDITCARD,8126,|||||||
